제주특별자치도,제주특별자치도 서귀포시 대정읍,상모2리경로당(서상동),2017-05-15,2017-09-30,92.03,25,4,1,N,N,N,,제주특별자치도 서귀포시 대정읍 상모로 288번길 18,,제주특별자치도 서귀포시청,,33.22484484,126.2582644,2017-09-13
제주특별자치도,제주특별자치도 서귀포시 대정읍,상모3리경로당,2017-05-15,2017-09-30,146.75,20,3,1,N,N,N,,제주특별자치도 서귀포시 대정읍 영서중로 45-4,,제주특별자치도 서귀포시청,,33.22194903,126.2582931,2017-09-13
제주특별자치도,제주특별자치도 서귀포시 대정읍,신도1리경로당,2017-05-15,2017-09-30,197.99,24,5,1,N,N,N,,제주특별자치도 서귀포시 대정읍 도원로 217,,제주특별자치도 서귀포시청,,33.278433,126.1917502,2017-09-13
제주특별자치도,제주특별자치도 서귀포시 대정읍,신도2리경로당,2017-05-15,2017-09-30,270.54,21,2,1,N,N,N,,제주특별자치도 서귀포시 대정읍 도원로 43,,제주특별자치도 서귀포시청,,33.27762235,126.1748541,2017-09-13
제주특별자치도,제주특별자치도 서귀포시 대정읍,신도3리경로당,2017-05-15,2017-09-30,156.74,21,5,1,N,N,N,,제주특별자치도 서귀포시 대정읍 비자낭로 8,,제주특별자치도 서귀포시청,,33.28669847,126.1845117,2017-09-13
제주특별자치도,제주특별자치도 서귀포시 남원읍,태흥3리경로당,2017-05-15,2017-09-30,199.8,25,3,2,N,N,N,,제주특별자치도 서귀포시 남원읍 삼덕로3,,제주특별자치도 서귀포시청,,33.29359307,126.7584735,2017-09-13
제주특별자치도,제주특별자치도 서귀포시 송산동,서귀송산경로당,2017-05-15,2017-09-30,567.69,35,4,2,N,N,N,,제주특별자치도 서귀포시 소암로4,,제주특별자치도 서귀포시청,,33.24503131,126.5660083,2017-09-13
제주특별자치도,이도2동,신설동경로당,2017-05-20,2017-09-30,40.1,30,3,2,N,Y,,,제주특별자치도 제주시 신설동길 52 (이도이동),제주특별자치도 제주시 이도2동1928-9,제주특별자치도 제주시,,33.49449355,126.5499264,2017-07-17
제주특별자치도,이도2동,구남경로당,2017-05-20,2017-09-30,213.08,50,3,3,N,N,,,제주특별자치도 제주시 구남로8길 20-3 (이도이동),제주특별자치도 제주시 이도2동 2009-9,제주특별자치도 제주시,,33.48965969,126.5368455,2017-07-17
제주특별자치도,이도2동,도남1차수선화경로당,2017-05-20,2017-09-30,42.9,30,2,1,N,N,,,제주특별자치도 제주시 독짓골2길 26 (도남동),제주특별자치도 제주시 도남동70사무소,제주특별자치도 제주시,,33.48965019,126.5304884,2017-07-17
제주특별자치도,이도2동,도남2차수선화경로당,2017-05-20,2017-09-30,39.9,20,2,1,N,N,,,제주특별자치도 제주시 도남로 129 (도남동),제주특별자치도 제주시 도남동69-1 201/107,제주특별자치도 제주시,,33.48920838,126.5300044,2017-07-17
제주특별자치도,이도2동,이도주공 1단지경로당,2017-05-20,2017-09-30,159.6,30,4,1,N,N,,,제주특별자치도 제주시 구남로7길 36 (이도이동),제주특별자치도 제주시 이도2동888사무소,제주특별자치도 제주시,,33.49234751,126.5342443,2017-07-17
제주특별자치도,이도2동,도남1차e-편한세상 경로당,2017-05-20,2017-09-30,62.09,30,1,2,N,Y,,,제주특별자치도 제주시 오남로 7-13 (도남동),제주특별자치도 제주시 도남동800/108동,제주특별자치도 제주시,,33.49579182,126.5219928,2017-07-17
제주특별자치도,제주특별자치도 서귀포시 대정읍,신평리경로당,2017-05-15,2017-09-30,344.25,20,3,5,N,N,N,,제주특별자치도 서귀포시 대정읍 중산간서로 2610 ?,,제주특별자치도 서귀포시청,,33.26530335,126.2591074,2017-09-13
제주특별자치도,제주특별자치도 서귀포시 대정읍,안성리경로당,2017-05-15,2017-09-30,96.98,15,4,1,N,N,N,,제주특별자치도 서귀포시 대정읍 추사로 10-1 ?,,제주특별자치도 서귀포시청,,33.25019213,126.2818121,2017-09-13
제주특별자치도,제주특별자치도 서귀포시 대정읍,영락리경로당,2017-05-15,2017-09-30,422.36,28,5,1,N,N,N,,제주특별자치도 서귀포시 대정읍 영락중동로 11,,제주특별자치도 서귀포시청,,33.25855534,126.2109754,2017-09-13
제주특별자치도,제주특별자치도 서귀포시 대정읍,인성리경로당,2017-05-15,2017-09-30,240.03,25,1,1,N,N,N,,제주특별자치도 서귀포시 대정읍 향교로75번길60,,제주특별자치도 서귀포시청,,33.24780035,126.2804411,2017-09-13
제주특별자치도,제주특별자치도 서귀포시 대정읍,일과1리경로당,2017-05-15,2017-09-30,196.02,20,3,1,N,N,N,,제주특별자치도 서귀포시 대정읍 일과로 18 ?,,제주특별자치도 서귀포시청,,33.23311302,126.2442476,2017-09-13
제주특별자치도,제주특별자치도 서귀포시 대정읍,일과1리(대수동)경로당,2017-05-15,2017-09-30,111.93,20,2,1,N,N,N,,제주특별자치도 서귀포시 대정읍 일과대수로27번길 10 ?,,제주특별자치도 서귀포시청,,33.23925552,126.2302511,2017-09-13
제주특별자치도,제주특별자치도 서귀포시 대정읍,일과2리경로당,2017-05-15,2017-09-30,155.42,20,2,2,N,N,N,,제주특별자치도 서귀포시 대정읍 서림로 18,,제주특별자치도 서귀포시청,,33.2468695,126.2239952,2017-09-13
제주특별자치도,제주특별자치도 서귀포시 대정읍,하모1리경로당,2017-05-15,2017-09-30,108.06,29,3,1,N,N,N,,제주특별자치도 서귀포시 대정읍 하모백사로 41,,제주특별자치도 서귀포시청,,33.2150473,126.2590722,2017-09-13
제주특별자치도,제주특별자치도 서귀포시 대정읍,하모2리경로당,2017-05-15,2017-09-30,122.32,30,1,3,N,N,N,,제주특별자치도 서귀포시 대정읍 신영로94번길 7,,제주특별자치도 서귀포시청,,33.2202503,126.2534546,2017-09-13
제주특별자치도,제주특별자치도 서귀포시 대정읍,하모3리경로당,2017-05-15,2017-09-30,168.56,29,8,2,N,N,N,,제주특별자치도 서귀포시 대정읍 하모상가로 9 ?,,제주특별자치도 서귀포시청,,33.22177159,126.2497516,2017-09-13
제주특별자치도,제주특별자치도 서귀포시 남원읍,남원1리경로당,2017-05-15,2017-09-30,261.72,50,5,4,N,N,N,,제주특별자치도 서귀포시 남원읍 남원회관로 27,,제주특별자치도 서귀포시청,,33.27781885,126.7161553,2017-09-13
제주특별자치도,제주특별자치도 서귀포시 남원읍,남원2리경로당,2017-05-15,2017-09-30,126,25,4,1,N,N,N,,제주특별자치도 서귀포시 남원읍 남한로173,,제주특별자치도 서귀포시청,,33.2927535,126.7099186,2017-09-13
제주특별자치도,제주특별자치도 서귀포시 남원읍,남원LH아파트경로당,2017-05-15,2017-09-30,97.67,30,4,1,N,N,N,,제주특별자치도 서귀포시 남원읍 남원체육관로 342,,제주특별자치도 서귀포시청,,33.28143319,126.7212018,2017-09-13
제주특별자치도,제주특별자치도 서귀포시 남원읍,수망리경로당,2017-05-15,2017-09-30,215.99,25,2,3,N,N,N,,제주특별자치도 서귀포시 남원읍 남조로578-3,,제주특별자치도 서귀포시청,,33.32901643,126.7128016,2017-09-13
제주특별자치도,제주특별자치도 서귀포시 남원읍,신례1리경로당,2017-05-15,2017-09-30,401.93,40,3,1,N,N,N,,제주특별자치도 서귀포시 남원읍 신례로259,,제주특별자치도 서귀포시청,,33.28796494,126.6301098,2017-09-13
제주특별자치도,제주특별자치도 서귀포시 남원읍,신례2리경로당,2017-05-15,2017-09-30,140.68,35,3,1,N,N,N,,제주특별자치도 서귀포시 남원읍 공천포로69-1,,제주특별자치도 서귀포시청,,33.26508762,126.6407757,2017-09-13
제주특별자치도,제주특별자치도 서귀포시 남원읍,신흥1리경로당,2017-05-15,2017-09-30,204.6,40,6,1,N,N,N,,제주특별자치도 서귀포시 남원읍 신흥로32-10,,제주특별자치도 서귀포시청,,33.30457069,126.7676003,2017-09-13
제주특별자치도,제주특별자치도 서귀포시 남원읍,신흥2리경로당,2017-05-15,2017-09-30,173.29,25,4,1,N,N,N,,제주특별자치도 서귀포시 남원읍 한신로531번길22-1,,제주특별자치도 서귀포시청,,33.32047098,126.7451082,2017-09-13
제주특별자치도,제주특별자치도 서귀포시 남원읍,위미1리경로당,2017-05-15,2017-09-30,339.65,40,4,2,N,N,N,,제주특별자치도 서귀포시 남원읍 위미해안로4-2,,제주특별자치도 서귀포시청,,33.27405648,126.6571832,2017-09-13
제주특별자치도,제주특별자치도 서귀포시 남원읍,위미2리경로당,2017-05-15,2017-09-30,271.08,40,5,3,N,N,N,,제주특별자치도 서귀포시 남원읍 태위로192-4,,제주특별자치도 서귀포시청,,33.27480965,126.6675878,2017-09-13
제주특별자치도,제주특별자치도 서귀포시 남원읍,위미3리경로당,2017-05-15,2017-09-30,81,22,4,2,N,N,N,,제주특별자치도 서귀포시 남원읍 태위로381-5,,제주특별자치도 서귀포시청,,33.2755295,126.687898,2017-09-13
제주특별자치도,제주특별자치도 서귀포시 남원읍,의귀리경로당,2017-05-15,2017-09-30,164.34,40,4,6,N,N,N,,제주특별자치도 서귀포시 남원읍 한신로207,,제주특별자치도 서귀포시청,,33.31033951,126.7133052,2017-09-13
제주특별자치도,제주특별자치도 서귀포시 남원읍,태흥1리경로당,2017-05-15,2017-09-30,595.43,30,5,4,N,N,N,,제주특별자치도 서귀포시 남원읍 태위로817,,제주특별자치도 서귀포시청,,33.28343939,126.7331455,2017-09-13
제주특별자치도,제주특별자치도 서귀포시 남원읍,태흥2리경로당,2017-05-15,2017-09-30,236.15,40,9,2,N,N,N,,제주특별자치도 서귀포시 남원읍 태신로3,,제주특별자치도 서귀포시청,,33.2865731,126.7450007,2017-09-13
제주특별자치도,제주특별자치도 서귀포시 남원읍,하례1리경로당,2017-05-15,2017-09-30,357.11,40,2,2,N,N,N,,제주특별자치도 서귀포시 남원읍 하신로187번길29,,제주특별자치도 서귀포시청,,33.2691704,126.627364,2017-09-13
제주특별자치도,제주특별자치도 서귀포시 남원읍,하례2리경로당,2017-05-15,2017-09-30,139.89,35,3,1,N,N,N,,제주특별자치도 서귀포시 남원읍 하례돈야로85,,제주특별자치도 서귀포시청,,33.29729878,126.6089665,2017-09-13
제주특별자치도,제주특별자치도 서귀포시 남원읍,한남리경로당,2017-05-15,2017-09-30,187.6,25,5,1,N,N,N,,제주특별자치도 서귀포시 남원읍 한신로17-4,,제주특별자치도 서귀포시청,,33.31253219,126.6950942,2017-09-13
제주특별자치도,제주특별자치도 서귀포시 성산읍,고성리경로당,2017-05-15,2017-09-30,278.21,36,0,1,N,N,N,,제주특별자치도 서귀포시 성산읍 서성일로1222번길 36,,제주특별자치도 서귀포시청,,33.4448401,126.9120212,2017-09-13
제주특별자치도,제주특별자치도 서귀포시 성산읍,난산리경로당,2017-05-15,2017-09-30,341.4,36,0,3,N,N,N,,제주특별자치도 서귀포시 성산읍 난산로 26,,제주특별자치도 서귀포시청,,33.4010375,126.872228,2017-09-13
제주특별자치도,제주특별자치도 서귀포시 성산읍,삼달1리경로당,2017-05-15,2017-09-30,220.73,30,5,3,N,N,N,,제주특별자치도 서귀포시 성산읍 삼달로 209,,제주특별자치도 서귀포시청,,33.37423137,126.8474178,2017-09-13
제주특별자치도,제주특별자치도 서귀포시 성산읍,삼달2리경로당,2017-05-15,2017-09-30,146.72,25,2,1,N,N,N,,제주특별자치도 서귀포시 성산읍 일주동로 5252,,제주특별자치도 서귀포시청,,33.36940861,126.8687196,2017-09-13
제주특별자치도,제주특별자치도 서귀포시 성산읍,성산리경로당,2017-05-15,2017-09-30,406.17,32,1,2,N,N,N,,제주특별자치도 서귀포시 성산읍 성산중앙로65번길 7-1,,제주특별자치도 서귀포시청,,33.46492013,126.9342556,2017-09-13
제주특별자치도,제주특별자치도 서귀포시 성산읍,수산1리경로당,2017-05-15,2017-09-30,140.96,36,3,2,N,N,N,,제주특별자치도 서귀포시 성산읍 수산서남로26,,제주특별자치도 서귀포시청,,33.44679552,126.8824341,2017-09-13
제주특별자치도,제주특별자치도 서귀포시 성산읍,수산2리경로당,2017-05-15,2017-09-30,197.95,26,3,1,N,N,N,,제주특별자치도 서귀포시 성산읍 수산서남로 79번길 150,,제주특별자치도 서귀포시청,,33.44213138,126.8638223,2017-09-13
제주특별자치도,제주특별자치도 서귀포시 성산읍,시흥리경로당,2017-05-15,2017-09-30,178.53,31,0,1,N,N,N,,제주특별자치도 서귀포시 성산읍 시흥하동로57번길 10,,제주특별자치도 서귀포시청,,33.47420866,126.9040819,2017-09-13
제주특별자치도,제주특별자치도 서귀포시 성산읍,신산리경로당,2017-05-15,2017-09-30,156.63,47,6,3,N,N,N,,제주특별자치도 서귀포시 성산읍 신산중앙로 1,,제주특별자치도 서귀포시청,,33.38102986,126.876887,2017-09-13
제주특별자치도,제주특별자치도 서귀포시 성산읍,신양리경로당,2017-05-15,2017-09-30,179.7,37,2,1,N,N,N,,제주특별자치도 서귀포시 성산읍 신고로 28,,제주특별자치도 서귀포시청,,33.43817548,126.9174092,2017-09-13
제주특별자치도,제주특별자치도 서귀포시 성산읍,신천리경로당,2017-05-15,2017-09-30,166.47,40,3,2,N,N,N,,제주특별자치도 서귀포시 성산읍 신천서로 5,,제주특별자치도 서귀포시청,,33.34418496,126.8497949,2017-09-13
제주특별자치도,제주특별자치도 서귀포시 성산읍,신풍리경로당,2017-05-15,2017-09-30,171.48,27,2,1,N,N,N,,제주특별자치도 서귀포시 성산읍 풍천로 227,,제주특별자치도 서귀포시청,,33.36120026,126.8354454,2017-09-13
제주특별자치도,제주특별자치도 서귀포시 성산읍,오조리경로당,2017-05-15,2017-09-30,105.5,26,4,1,N,N,N,,제주특별자치도 서귀포시 성산읍 오조로 77,,제주특별자치도 서귀포시청,,33.4608152,126.9151116,2017-09-13
제주특별자치도,제주특별자치도 서귀포시 성산읍,온평리경로당,2017-05-15,2017-09-30,189.92,31,0,2,N,N,N,,제주특별자치도 서귀포시 성산읍 온평애향로 23번길 6,,제주특별자치도 서귀포시청,,33.40812099,126.9001727,2017-09-13
제주특별자치도,제주특별자치도 서귀포시 안덕면,감산리경로당,2017-05-15,2017-09-30,175.2,35,7,3,N,N,N,,제주특별자치도 서귀포시 안덕면 감산중로 29,,제주특별자치도 서귀포시청,,33.25947382,126.353888,2017-09-13
제주특별자치도,제주특별자치도 서귀포시 안덕면,광평리경로당,2017-05-15,2017-09-30,42,9,0,1,N,N,N,,제주특별자치도 서귀포시 안덕면 광평로 41,,제주특별자치도 서귀포시청,,33.32958896,126.3812444,2017-09-13
제주특별자치도,제주특별자치도 서귀포시 안덕면,대전경로당,2017-05-15,2017-09-30,92.62,32,2,1,N,N,N,,제주특별자치도 서귀포시 안덕면 사계중앙로 3번길 11,,제주특별자치도 서귀포시청,,33.23098798,126.2989198,2017-09-13
제주특별자치도,제주특별자치도 서귀포시 안덕면,대평리경로당,2017-05-15,2017-09-30,214.86,24,8,4,N,N,N,,제주특별자치도 서귀포시 안덕면 대평감산로 43,,제주특별자치도 서귀포시청,,33.23833674,126.3658885,2017-09-13
제주특별자치도,제주특별자치도 서귀포시 안덕면,덕수리경로당,2017-05-15,2017-09-30,125.58,35,4,1,N,N,N,,제주특별자치도 서귀포시 안덕면 덕수회관로 98,,제주특별자치도 서귀포시청,,33.25464192,126.3064917,2017-09-13
제주특별자치도,제주특별자치도 서귀포시 안덕면,동광단지경로당,2017-05-15,2017-09-30,184.51,13,1,1,N,N,N,,제주특별자치도 서귀포시 안덕면 신화역사로 688,,제주특별자치도 서귀포시청,,33.31342698,126.3595897,2017-09-13
제주특별자치도,제주특별자치도 서귀포시 안덕면,동광리경로당,2017-05-15,2017-09-30,107.34,25,7,1,N,N,N,,제주특별자치도 서귀포시 안덕면 동광본동로2-15,,제주특별자치도 서귀포시청,,33.30763141,126.3389255,2017-09-13
제주특별자치도,제주특별자치도 서귀포시 안덕면,동하동경로당,2017-05-15,2017-09-30,81,20,2,2,N,N,N,,제주특별자치도 서귀포시 안덕면 화순중앙로 123번길 29,,제주특별자치도 서귀포시청,,33.2405727,126.338186,2017-09-13
제주특별자치도,제주특별자치도 서귀포시 안덕면,상창리경로당,2017-05-15,2017-09-30,93.78,25,4,1,N,N,N,,제주특별자치도 서귀포시 안덕면 한창로 102,,제주특별자치도 서귀포시청,,33.27227807,126.3660512,2017-09-13
제주특별자치도,제주특별자치도 서귀포시 안덕면,상천리경로당,2017-05-15,2017-09-30,90.92,17,0,1,N,N,N,,제주특별자치도 서귀포시 안덕면 병악로 408-3,,제주특별자치도 서귀포시청,,33.30686532,126.3806275,2017-09-13
제주특별자치도,제주특별자치도 서귀포시 안덕면,서광동리경로당,2017-05-15,2017-09-30,159.39,29,1,1,N,N,N,,제주특별자치도 서귀포시 안덕면 서광동로47번길 35,,제주특별자치도 서귀포시청,,33.28764806,126.3294875,2017-09-13
제주특별자치도,제주특별자치도 서귀포시 안덕면,서광서리경로당,2017-05-15,2017-09-30,166.58,34,4,2,N,N,N,,제주특별자치도 서귀포시 안덕면 서광남로 144-5,,제주특별자치도 서귀포시청,,33.28499559,126.3023056,2017-09-13
제주특별자치도,제주특별자치도 서귀포시 안덕면,송죽경로당,2017-05-15,2017-09-30,84.1,33,3,1,N,N,N,,제주특별자치도 서귀포시 안덕면 사계남로 61,,제주특별자치도 서귀포시청,,33.22723599,126.2967784,2017-09-13
제주특별자치도,제주특별자치도 서귀포시 안덕면,신항동경로당,2017-05-15,2017-09-30,230.61,19,2,1,N,N,N,,제주특별자치도 서귀포시 안덕면 사계신항로 25-10,,제주특별자치도 서귀포시청,,33.24928172,126.3233294,2017-09-13
제주특별자치도,제주특별자치도 서귀포시 안덕면,용해경로당,2017-05-15,2017-09-30,324.31,33,2,2,N,N,N,,제주특별자치도 서귀포시 안덕면 사계남로 202,,제주특별자치도 서귀포시청,,33.23110803,126.3087717,2017-09-13
제주특별자치도,제주특별자치도 서귀포시 안덕면,창천경로당,2017-05-15,2017-09-30,451.78,33,0,3,N,N,N,,제주특별자치도 서귀포시 안덕면 창천중앙로 35-2,,제주특별자치도 서귀포시청,,33.26582848,126.3686435,2017-09-13
제주특별자치도,제주특별자치도 서귀포시 안덕면,하동경로당,2017-05-15,2017-09-30,271,68,1,2,N,N,N,,제주특별자치도 서귀포시 안덕면 화순중앙로124번길 17,,제주특별자치도 서귀포시청,,33.24162688,126.3336631,2017-09-13
제주특별자치도,제주특별자치도 서귀포시 안덕면,화순경로당,2017-05-15,2017-09-30,194.66,50,2,2,N,N,N,,제주특별자치도 서귀포시 안덕면 화순중앙로 54번길 29,,제주특별자치도 서귀포시청,,33.246729,126.332796,2017-09-13
제주특별자치도,제주특별자치도 서귀포시 표선면,가시리경로당,2017-05-15,2017-09-30,388.6,75,2,5,N,N,N,,제주특별자치도 서귀포시 표선면 가시로 565번길 20,,제주특별자치도 서귀포시청,,33.35314685,126.7715624,2017-09-13
제주특별자치도,제주특별자치도 서귀포시 표선면,성읍1리경로당,2017-05-15,2017-09-30,294.6,75,5,1,N,N,N,,제주특별자치도 서귀포시 표선면 성읍정의현로 88-3,,제주특별자치도 서귀포시청,,33.3906761,126.8010001,2017-09-13
제주특별자치도,제주특별자치도 서귀포시 표선면,성읍2리경로당,2017-05-15,2017-09-30,122.44,29,1,1,N,N,N,,제주특별자치도 서귀포시 표선면 성읍이리로 58,,제주특별자치도 서귀포시청,,33.41305595,126.7726227,2017-09-13
제주특별자치도,제주특별자치도 서귀포시 표선면,세화1리경로당,2017-05-15,2017-09-30,521.53,60,2,2,N,N,N,,제주특별자치도 서귀포시 표선면 세성로 302,,제주특별자치도 서귀포시청,,33.33183137,126.7979977,2017-09-13
제주특별자치도,제주특별자치도 서귀포시 표선면,세화2리경로당,2017-05-15,2017-09-30,300.56,45,6,2,N,N,N,,제주특별자치도 서귀포시 표선면 세화로26번길 33,,제주특별자치도 서귀포시청,,33.30733754,126.8012326,2017-09-13
제주특별자치도,제주특별자치도 서귀포시 표선면,세화3리경로당,2017-05-15,2017-09-30,119.99,29,0,1,N,N,N,,제주특별자치도 서귀포시 표선면 세화로 168,,제주특별자치도 서귀포시청,,33.3187125,126.7902656,2017-09-13
제주특별자치도,제주특별자치도 서귀포시 표선면,토산1리경로당,2017-05-15,2017-09-30,150,50,3,1,N,N,N,,제주특별자치도 서귀포시 표선면 중산간동로 5503,,제주특별자치도 서귀포시청,,33.33007732,126.7702779,2017-09-13
제주특별자치도,제주특별자치도 서귀포시 표선면,토산2리경로당,2017-05-15,2017-09-30,120.94,60,4,1,N,N,N,,제주특별자치도 서귀포시 표선면 토산중앙로 16번길 1,,제주특별자치도 서귀포시청,,33.30876899,126.7796501,2017-09-13
제주특별자치도,제주특별자치도 서귀포시 표선면,표선리경로당,2017-05-15,2017-09-30,394.08,85,3,6,N,N,N,,제주특별자치도 서귀포시 표선면 표선중앙로 32번길 8,,제주특별자치도 서귀포시청,,33.32980828,126.8293651,2017-09-13
제주특별자치도,제주특별자치도 서귀포시 표선면,표선리서동경로당,2017-05-15,2017-09-30,180.18,45,3,4,N,N,N,,제주특별자치도 서귀포시 표선동서로193번길 8-1,,제주특별자치도 서귀포시청,,33.32227138,126.8298824,2017-09-13
제주특별자치도,제주특별자치도 서귀포시 표선면,하천리경로당,2017-05-15,2017-09-30,128.96,60,2,1,N,N,N,,제주특별자치도 서귀포시 표선면 하천로 59,,제주특별자치도 서귀포시청,,33.34639178,126.8408188,2017-09-13
제주특별자치도,제주특별자치도 서귀포시 표선면,한지동경로당,2017-05-15,2017-09-30,100,25,3,1,N,N,N,,제주특별자치도 서귀포시 표선면 민속해안로 119번길 13,,제주특별자치도 서귀포시청,,33.30774797,126.8123734,2017-09-13
제주특별자치도,제주특별자치도 서귀포시 송산동,보목경로당,2017-05-15,2017-09-30,353.38,39,4,5,N,N,N,,제주특별자치도 서귀포시 칠십리로 441-1,,제주특별자치도 서귀포시청,,33.24342006,126.5984809,2017-09-13
제주특별자치도,제주특별자치도 서귀포시 정방동,정방경로당,2017-05-15,2017-09-30,283.28,32,4,3,N,N,N,,제주특별자치도 서귀포시 동부로12번길 15-4,,제주특별자치도 서귀포시청,,33.24686872,126.5706519,2017-09-13
제주특별자치도,제주특별자치도 서귀포시 중앙동,중앙경로당,2017-05-15,2017-09-30,378.24,50,5,3,N,N,N,,제주특별자치도 서귀포시 동문동로 27(서귀동),,제주특별자치도 서귀포시청,,33.25085609,126.565048,2017-09-13
제주특별자치도,제주특별자치도 서귀포시 천지동,남성마을경로당,2017-05-15,2017-09-30,159.83,24,4,3,N,N,N,,제주특별자치도 서귀포시 남성중로141번길 3,,제주특별자치도 서귀포시청,,33.24450801,126.5536798,2017-09-13
제주특별자치도,제주특별자치도 서귀포시 천지동,천지경로당,2017-05-15,2017-09-30,343.8,40,2,5,N,N,N,,제주특별자치도 서귀포시 서문로 37,,제주특별자치도 서귀포시청,,33.24959927,126.5584098,2017-09-13
제주특별자치도,제주특별자치도 서귀포시 효돈동,신효경로당,2017-05-15,2017-09-30,619.94,29,7,1,N,N,N,,제주특별자치도 서귀포시 신효중앙로4번길 1,,제주특별자치도 서귀포시청,,33.26459726,126.6143326,2017-09-13
제주특별자치도,제주특별자치도 서귀포시 효돈동,하효경로당,2017-05-15,2017-09-30,318.27,60,12,1,N,N,N,,제주특별자치도 서귀포시 하효중앙로132,,제주특별자치도 서귀포시청,,33.26201829,126.6189116,2017-09-13
제주특별자치도,제주특별자치도 서귀포시 영천동,돈내코경로당,2017-05-15,2017-09-30,102.65,13,1,1,N,N,N,,제주특별자치도 서귀포시 돈내코로 217(상효동),,제주특별자치도 서귀포시청,,33.30214392,126.5743368,2017-09-13
제주특별자치도,제주특별자치도 서귀포시 영천동,법호촌경로당,2017-05-15,2017-09-30,110.2,30,1,1,N,N,N,,제주특별자치도 서귀포시 하신상로427번길 5-3(상효동),,제주특별자치도 서귀포시청,,33.29160971,126.5960573,2017-09-13
제주특별자치도,제주특별자치도 서귀포시 영천동,상효1동경로당,2017-05-15,2017-09-30,223.27,29,4,2,N,N,N,,제주특별자치도 서귀포시 상효로 152(상효동),,제주특별자치도 서귀포시청,,33.27263921,126.5970892,2017-09-13
제주특별자치도,제주특별자치도 서귀포시 영천동,상효2동경로당,2017-05-15,2017-09-30,265.6,21,0,1,N,N,N,,제주특별자치도 서귀포시 동상효로 23(상효동),,제주특별자치도 서귀포시청,,33.28079807,126.6098173,2017-09-13
제주특별자치도,제주특별자치도 서귀포시 영천동,토평경로당,2017-05-15,2017-09-30,377.17,50,1,2,N,N,N,,제주특별자치도 서귀포시 토평로 58(토평동),,제주특별자치도 서귀포시청,,33.27109842,126.5902183,2017-09-13
제주특별자치도,제주특별자치도 서귀포시 동홍동,동홍10통경로당,2017-05-15,2017-09-30,121,20,2,1,N,N,N,,제주특별자치도 서귀포시 태평로512번길 9,,제주특별자치도 서귀포시청,,33.24995375,126.5742209,2017-09-13
제주특별자치도,제주특별자치도 서귀포시 동홍동,동홍11통경로당,2017-05-15,2017-09-30,63.9,21,4,1,N,N,N,,제주특별자치도 서귀포시 태평로512번길10,,제주특별자치도 서귀포시청,,33.24937953,126.5718929,2017-09-13
제주특별자치도,제주특별자치도 서귀포시 동홍동,동홍1통경로당,2017-05-15,2017-09-30,124.39,15,5,2,N,N,N,,제주특별자치도 서귀포시 중앙로 182번길 49,,제주특별자치도 서귀포시청,,33.26260951,126.5639552,2017-09-13
제주특별자치도,제주특별자치도 서귀포시 동홍동,동홍2통경로당,2017-05-15,2017-09-30,124.1,21,2,2,N,N,N,,제주특별자치도 서귀포시 중산간동로 7920번길  6-1,,제주특별자치도 서귀포시청,,33.26615368,126.5698706,2017-09-13
제주특별자치도,제주특별자치도 서귀포시 동홍동,동홍5통경로당,2017-05-15,2017-09-30,80.55,15,2,2,N,N,N,,제주특별자치도 서귀포시 태평로 549,,제주특별자치도 서귀포시청,,33.25291977,126.5746486,2017-09-13
제주특별자치도,제주특별자치도 서귀포시 동홍동,동홍6단지경로당,2017-05-15,2017-09-30,111.9,23,3,1,N,N,N,,제주특별자치도 서귀포시 중앙로 198-9,,제주특별자치도 서귀포시청,,33.26245037,126.5597317,2017-09-13
제주특별자치도,제주특별자치도 서귀포시 동홍동,동홍6통경로당,2017-05-15,2017-09-30,89.64,20,5,1,N,N,N,,제주특별자치도 서귀포시 동홍중앙로 10,,제주특별자치도 서귀포시청,,33.25160914,126.5721182,2017-09-13
제주특별자치도,제주특별자치도 서귀포시 동홍동,동홍7통경로당,2017-05-15,2017-09-30,82.5,20,2,1,N,N,N,,제주특별자치도 서귀포시 동홍중앙로 30,,제주특별자치도 서귀포시청,,33.25304804,126.5720897,2017-09-13
제주특별자치도,제주특별자치도 서귀포시 동홍동,동홍9통경로당,2017-05-15,2017-09-30,102.63,21,3,1,N,N,N,,제주특별자치도 서귀포시 중산간동로 8002,,제주특별자치도 서귀포시청,,33.26534604,126.5606488,2017-09-13
제주특별자치도,제주특별자치도 서귀포시 동홍동,문부로경로당,2017-05-15,2017-09-30,71.25,20,3,1,N,N,N,,제주특별자치도 서귀포시 태평로537번길 40-9,,제주특별자치도 서귀포시청,,33.25398814,126.5706943,2017-09-13
제주특별자치도,제주특별자치도 서귀포시 동홍동,인터불고코아루경로당,2017-05-15,2017-09-30,67.54,10,0,2,N,N,N,,제주특별자치도 서귀포시 일주동로 8565,,제주특별자치도 서귀포시청,,33.25453924,126.5736363,2017-09-13
제주특별자치도,제주특별자치도 서귀포시 서홍동,서홍경로당,2017-05-15,2017-09-30,254.71,80,7,3,N,N,N,,제주특별자치도 서귀포시 흙담솔로 17-7,,제주특별자치도 서귀포시청,,33.2598057,126.5573926,2017-09-13
제주특별자치도,제주특별자치도 서귀포시 대륜동,법환경로당,2017-05-15,2017-09-30,389.6,45,3,3,N,N,N,,제주특별자치도 서귀포시 법환로 76,,제주특별자치도 서귀포시청,,33.23984323,126.5092275,2017-09-13
제주특별자치도,제주특별자치도 서귀포시 대륜동,새서귀경로당,2017-05-15,2017-09-30,111.15,34,3,1,N,N,N,,제주특별자치도 서귀포시 신동로 27번길 6-9,,제주특별자치도 서귀포시청,,33.25187143,126.5121006,2017-09-13
제주특별자치도,제주특별자치도 서귀포시 대륜동,서호동경로당,2017-05-15,2017-09-30,512.73,34,3,1,N,N,N,,제주특별자치도 서귀포시 서호호근로 123,,제주특별자치도 서귀포시청,,33.25825084,126.5240675,2017-09-13
제주특별자치도,제주특별자치도 서귀포시 대륜동,혁신도시LH1단지경로당,2017-05-15,2017-09-30,133.21,10,1,1,N,N,N,,제주특별자치도 서귀포시 서호남로 92-15,,제주특별자치도 서귀포시청,,33.24958642,126.5236552,2017-09-13
제주특별자치도,제주특별자치도 서귀포시 대천동,신서귀경로당,2017-05-15,2017-09-30,54.18,33,2,2,N,N,N,,제주특별자치도 서귀포시 신서로 38(강정동),,제주특별자치도 서귀포시청,,33.25340564,126.505164,2017-09-13
제주특별자치도,제주특별자치도 서귀포시 대천동,용흥경로당,2017-05-15,2017-09-30,292.68,33,3,3,N,N,N,,제주특별자치도 서귀포시 용흥로 55(강정동),,제주특별자치도 서귀포시청,,33.2514557,126.4824168,2017-09-13
제주특별자치도,제주특별자치도 서귀포시 대천동,월평경로당,2017-05-15,2017-09-30,103,30,3,1,N,N,N,,제주특별자치도 서귀포시 월평로 41(월평동),,제주특별자치도 서귀포시청,,33.24611993,126.4607818,2017-09-13
제주특별자치도,제주특별자치도 서귀포시 중문동,대포경로당,2017-05-15,2017-09-30,431.73,30,2,2,N,N,N,,제주특별자치도 서귀포시 대포동서로 129,,제주특별자치도 서귀포시청,,33.24242578,126.4329628,2017-09-13
제주특별자치도,제주특별자치도 서귀포시 중문동,중문경로당,2017-05-15,2017-09-30,253.12,50,12,5,N,N,N,,제주특별자치도 서귀포시 천제연로 239-32,,제주특별자치도 서귀포시청,,33.25411663,126.4302904,2017-09-13
제주특별자치도,제주특별자치도 서귀포시 중문동,중문푸른마을아파트경로당,2017-05-15,2017-09-30,120.69,50,2,1,N,N,N,,제주특별자치도 서귀포시 중문동 천제연로 239. 2층,,제주특별자치도 서귀포시청,,33.25365324,126.4314824,2017-09-13
제주특별자치도,제주특별자치도 서귀포시 중문동,하원경로당,2017-05-15,2017-09-30,370.42,50,3,2,N,N,N,,제주특별자치도 서귀포시 하원로 29,,제주특별자치도 서귀포시청,,33.25672816,126.461133,2017-09-13
제주특별자치도,제주특별자치도 서귀포시 중문동,회수경로당,2017-05-15,2017-09-30,147.45,25,2,1,N,N,N,,제주특별자치도 서귀포시 중산간서로 656,,제주특별자치도 서귀포시청,,33.26323261,126.4451749,2017-09-13
제주특별자치도,제주특별자치도 서귀포시 예래동,색달경로당,2017-05-15,2017-09-30,134.7,25,1,1,N,N,N,,제주특별자치도 서귀포시 색달로72번길 2,,제주특별자치도 서귀포시청,,33.26082964,126.4104613,2017-09-13
제주특별자치도,제주특별자치도 서귀포시 예래동,예래2통경로당,2017-05-15,2017-09-30,277.73,39,3,1,N,N,N,,제주특별자치도 서귀포시 예래로144번길 42,,제주특별자치도 서귀포시청,,33.24874864,126.3904119,2017-09-13
제주특별자치도,제주특별자치도 서귀포시 대륜동,혁신도시LH2단지경로당,2017-05-15,2017-09-30,155.42,24,1,2,N,N,N,,제주특별자치도 서귀포시 대륜동 서호남로 92-16,,제주특별자치도 서귀포시청,,33.2480065,126.5198351,2017-09-13
제주특별자치도,제주특별자치도 서귀포시 대륜동,호서경로당,2017-05-15,2017-09-30,289.49,35,9,4,N,N,N,,제주특별자치도 서귀포시 서호호근로 95-2,,제주특별자치도 서귀포시청,,33.25578794,126.5241581,2017-09-13
제주특별자치도,제주특별자치도 서귀포시 대천동,강정경로당,2017-05-15,2017-09-30,183.73,33,9,2,N,N,N,,제주특별자치도 서귀포시 강정통물로 114(강정동),,제주특별자치도 서귀포시청,,33.23737438,126.4777404,2017-09-13
제주특별자치도,제주특별자치도 서귀포시 대천동,도순경로당,2017-05-15,2017-09-30,231.42,33,4,2,N,N,N,,제주특별자치도 서귀포시 도순남로29번길 13(도순동),,제주특별자치도 서귀포시청,,33.25085309,126.4754539,2017-09-13
제주특별자치도,제주특별자치도 서귀포시 예래동,예래3통경로당,2017-05-15,2017-09-30,132.56,33,2,1,N,N,N,,제주특별자치도 서귀포시 존제로15번길 2,,제주특별자치도 서귀포시청,,33.26571898,126.3769642,2017-09-13
제주특별자치도,제주특별자치도 서귀포시 예래동,예래4통경로당,2017-05-15,2017-09-30,426.26,34,1,1,N,N,N,,제주특별자치도 서귀포시 하예로 1-3,,제주특별자치도 서귀포시청,,33.24344368,126.3860495,2017-09-13
제주특별자치도,제주특별자치도 서귀포시 예래동,예래5통경로당,2017-05-15,2017-09-30,112.67,25,6,2,N,N,N,,제주특별자치도 서귀포시 예래로 416,,제주특별자치도 서귀포시청,,33.23651331,126.3732918,2017-09-13
제주특별자치도,제주특별자치도 서귀포시 예래동,예래동경로당,2017-05-15,2017-09-30,183.6,12,3,1,N,N,N,,제주특별자치도 서귀포시 예래로 181-10,,제주특별자치도 서귀포시청,,33.24604875,126.3929029,2017-09-13
제주특별자치도,제주특별자치도 서귀포시 예래동,우남동경로당,2017-05-15,2017-09-30,36,14,2,1,N,N,N,,제주특별자치도 서귀포시 우남로 2번길 6(상예동),,제주특별자치도 서귀포시청,,33.26453887,126.3921053,2017-09-13
제주특별자치도,제주특별자치도 서귀포시 대정읍,가파리경로당,2017-05-15,2017-09-30,226.35,57,3,1,N,N,N,,제주특별자치도 서귀포시 대정읍 가파로67번길 48,,제주특별자치도 서귀포시청,,33.16961841,126.2709987,2017-09-13
제주특별자치도,제주특별자치도 서귀포시 대정읍,구억리경로당,2017-05-15,2017-09-30,482.33,20,2,1,N,N,N,,제주특별자치도 서귀포시 대정읍 중산간서로 2362 ?,,제주특별자치도 서귀포시청,,33.27426655,126.2801854,2017-09-13
제주특별자치도,제주특별자치도 서귀포시 대정읍,대정아파트경로당,2017-05-15,2017-09-30,113.148,21,4,1,N,N,N,,제주특별자치도 서귀포시 대정읍 하모중앙로6,,제주특별자치도 서귀포시청,,33.22772676,126.2523012,2017-09-13
제주특별자치도,제주특별자치도 서귀포시 대정읍,동일1리경로당,2017-05-15,2017-09-30,187.56,26,2,4,N,N,N,,제주특별자치도 서귀포시 대정읍 동일하모로 99,,제주특별자치도 서귀포시청,,33.22854011,126.2430725,2017-09-13
제주특별자치도,제주특별자치도 서귀포시 대정읍,동일2리경로당,2017-05-15,2017-09-30,89.52,17,2,1,N,N,N,,제주특별자치도 서귀포시 대정읍 암반수마농로329번길 18,,제주특별자치도 서귀포시청,,33.25784257,126.2366042,2017-09-13
제주특별자치도,제주특별자치도 서귀포시 대정읍,라온아파트경로당,2017-05-15,2017-09-30,121.72,12,2,2,N,N,N,,제주특별자치도 서귀포시 대정읍 에듀시티로 74,,제주특별자치도 서귀포시청,,33.28795232,126.2813226,2017-09-13
제주특별자치도,제주특별자치도 서귀포시 대정읍,마라리경로당,2017-05-15,2017-09-30,112.39,11,2,1,N,N,N,,제주특별자치도 서귀포시 대정읍 마라로 77번길 11,,제주특별자치도 서귀포시청,,33.1171566,126.2670438,2017-09-13
제주특별자치도,제주특별자치도 서귀포시 대정읍,모슬포경로당,2017-05-15,2017-09-30,331.94,16,4,1,N,N,N,,제주특별자치도 서귀포시 대정읍 하모중앙로 63,,제주특별자치도 서귀포시청,,33.22260584,126.2523404,2017-09-13
제주특별자치도,제주특별자치도 서귀포시 대정읍,무릉1리경로당,2017-05-15,2017-09-30,129.33,25,4,2,N,N,N,,제주특별자치도 서귀포시 대정읍 서삼중로 81,,제주특별자치도 서귀포시청,,33.2701387,126.2029889,2017-09-13
제주특별자치도,제주특별자치도 서귀포시 대정읍,무릉2리경로당(인향동),2017-05-15,2017-09-30,161.95,11,3,2,N,N,N,,제주특별자치도 서귀포시 대정읍 무릉인향로14번길 21-2 ?,,제주특별자치도 서귀포시청,,33.27839219,126.2460946,2017-09-13
제주특별자치도,제주특별자치도 서귀포시 대정읍,무릉2리경로당(좌기동),2017-05-15,2017-09-30,144.51,11,4,1,N,N,N,,제주특별자치도 서귀포시 대정읍 중산간서로2868,,제주특별자치도 서귀포시청,,33.27484586,126.235267,2017-09-13
제주특별자치도,제주특별자치도 서귀포시 대정읍,무릉2리경로당(평지동),2017-05-15,2017-09-30,79.36,12,4,1,N,N,N,,제주특별자치도 서귀포시 대정읍 무영로228번길 17-11,,제주특별자치도 서귀포시청,,33.28148373,126.2233842,2017-09-13
제주특별자치도,제주특별자치도 서귀포시 대정읍,보성리경로당,2017-05-15,2017-09-30,101.26,22,4,1,N,N,N,,제주특별자치도 서귀포시 대정읍 추사로 93-8,,제주특별자치도 서귀포시청,,33.25143621,126.2730972,2017-09-13
제주특별자치도,제주특별자치도 서귀포시 대정읍,산이수동경로당,2017-05-15,2017-09-30,79.2,17,4,1,N,N,N,,제주특별자치도 서귀포시 대정읍 송악관광로 411번길 8,,제주특별자치도 서귀포시청,,33.20907175,126.2906986,2017-09-13
제주특별자치도,제주특별자치도 서귀포시 대정읍,상모1리경로당(이교동),2017-05-15,2017-09-30,279.51,25,4,1,N,N,N,,제주특별자치도 서귀포시 대정읍 상모인성로 18,,제주특별자치도 서귀포시청,,33.22637183,126.2694812,2017-09-13
제주특별자치도,제주특별자치도 서귀포시 대정읍,상모2리경로당(대동),2017-05-15,2017-09-30,112.14,27,5,1,N,N,N,,제주특별자치도 서귀포시 대정읍 상모로 269번길 14,,제주특별자치도 서귀포시청,,33.22275411,126.2614659,2017-09-13
제주특별자치도,이도2동,영산홍아파트경로당,2017-05-20,2017-09-30,53.4,20,3,1,N,Y,,,제주특별자치도 제주시 승천로 27 (이도이동),제주특별자치도 제주시 이도2동405,제주특별자치도 제주시,,33.49642517,126.5397278,2017-07-17
제주특별자치도,이도2동,혜성무지개타운경로당,2017-05-20,2017-09-30,40.8,20,2,2,N,N,,,제주특별자치도 제주시 남광로 65 (이도이동),제주특별자치도 제주시 이도2동438/110,제주특별자치도 제주시,,33.49615977,126.5420708,2017-07-17
제주특별자치도,이도2동,"이도주공 2,3단지 경로당",2017-05-20,2017-09-30,134.8,50,4,1,N,N,,,제주특별자치도 제주시 구남로 31 (이도이동),제주특별자치도 제주시 이도2동777사무소,제주특별자치도 제주시,,33.49035988,126.5331488,2017-07-17
제주특별자치도,이도2동,도남동 경로당,2017-05-20,2017-09-30,189.44,50,12,3,N,N,,,제주특별자치도 제주시 도남로3길 3-2 (도남동),제주특별자치도 제주시 도남동916-6,제주특별자치도 제주시,,33.49825673,126.5262063,2017-07-17
제주특별자치도,이도2동,이도2동 경로당,2017-05-20,2017-09-30,163.1,50,7,1,N,N,,,제주특별자치도 제주시 청귤로1길 4-1 (이도이동),제주특별자치도 제주시 이도2동379-6,제주특별자치도 제주시,,33.49966095,126.5370548,2017-07-17
제주특별자치도,이도2동,이도2동주민센터(민원실),2017-05-20,2017-09-30,17.5,10,2,1,N,Y,,,제주특별자치도 제주시 오복3길 8. 이도2동주민센터(동사무소) (이도이동),제주특별자치도 제주시 이도2동 1051-6 이도2동주민센터(동사무소),제주특별자치도 제주시,,33.49706861,126.5352994,2017-07-17
제주특별자치도,이도1동,장원 월드컵A경로당,2017-05-20,2017-09-30,45.8,11,3,1,N,Y,,,제주특별자치도 제주시 서광로29길 21 (이도일동),제주특별자치도 제주시 이도1동1650-4,제주특별자치도 제주시,,33.50221295,126.5262148,2017-07-17
제주특별자치도,이도1동,제주향로당,2017-05-20,2017-09-30,146.53,36,1,1,N,Y,,,제주특별자치도 제주시 오현길 61 (이도일동),제주특별자치도 제주시 이도1동1421-34,제주특별자치도 제주시,,33.51015147,126.5255086,2017-07-17
제주특별자치도,이도1동,이도1동복지회관,2017-05-20,2017-09-30,569.3,30,13,5,N,Y,,,제주특별자치도 제주시 중앙로25길 17 (이도일동),제주특별자치도 제주시 이도1동 1695-10,제주특별자치도 제주시,,33.50680308,126.5269561,2017-07-17
제주특별자치도,이도1동,이도1동주민센터,2017-05-20,2017-09-30,569.3,30,13,9,N,N,,,제주특별자치도 제주시 중앙로25길 17 (이도일동),제주특별자치도 제주시 이도1동 1695-10,제주특별자치도 제주시,,33.50680308,126.5269561,2017-07-17
제주특별자치도,일도2동,구중경로당,2017-05-20,2017-09-30,251,50,5,2,N,Y,,,제주특별자치도 제주시 동문로14길 13-1 (일도이동),제주특별자치도 제주시 일도2동1006-14,제주특별자치도 제주시,,33.51250173,126.5337704,2017-07-17
제주특별자치도,일도2동,일도2동 주민센터,2017-05-20,2017-09-30,517,100,5,5,N,Y,,,제주특별자치도 제주시 고마로 28 (일도이동),제주특별자치도 제주시 일도2동 161,제주특별자치도 제주시,,33.51163505,126.5382783,2017-07-17
제주특별자치도,일도2동,두멩이 복지회관,2017-05-20,2017-09-30,569.3,30,0,3,N,Y,,,제주특별자치도 제주시 동문로14길 16-1 (일도이동),제주특별자치도 제주시 일도2동 995-6,제주특별자치도 제주시,,33.51210632,126.5331569,2017-07-17
제주특별자치도,일도2동,일도2동 복지회관,2017-05-20,2017-09-30,569.3,30,0,3,N,Y,,,제주특별자치도 제주시 신산로9길 41 (일도이동),제주특별자치도 제주시 일도2동 162-29,제주특별자치도 제주시,,33.51029646,126.5371445,2017-07-17
제주특별자치도,일도2동,혜성대유APT경로당,2017-05-20,2017-09-30,41.6,15,0,1,N,Y,,,제주특별자치도 제주시 천수로 82 (일도이동),제주특별자치도 제주시 일도2동46-1혜성대유아파트,제주특별자치도 제주시,,33.505661,126.5445822,2017-07-17
제주특별자치도,일도2동,대림1차APT경로당,2017-05-20,2017-09-30,66,30,2,1,N,Y,,,제주특별자치도 제주시 태성로 33 (일도이동),제주특별자치도 제주시 일도2동113-4관리사무소,제주특별자치도 제주시,,33.50030155,126.5494099,2017-07-17
제주특별자치도,일도2동,수선화 APT경로당,2017-05-20,2017-09-30,59.4,30,2,1,N,Y,,,제주특별자치도 제주시 연삼로 562 (일도이동),제주특별자치도 제주시 일도2동113-1 가동/110,제주특별자치도 제주시,,33.50310829,126.5486894,2017-07-17
제주특별자치도,일도2동,일도성환APT경로당,2017-05-20,2017-09-30,36.3,30,2,1,N,Y,,,제주특별자치도 제주시 태성로 23 (일도이동),제주특별자치도 제주시 일도2동113-3관리사무소,제주특별자치도 제주시,,33.5013682,126.5491806,2017-07-17
제주특별자치도,일도2동,대유대림APT경로당,2017-05-20,2017-09-30,76.5,30,2,1,N,Y,,,제주특별자치도 제주시 남광로 181 (일도이동),제주특별자치도 제주시 일도2동113-7/8,제주특별자치도 제주시,,33.50314057,126.5516208,2017-07-17
제주특별자치도,일도2동,2차신천지APT경로당,2017-05-20,2017-09-30,61,30,1,1,N,Y,,,제주특별자치도 제주시 천수로 92 (일도이동),제주특별자치도 제주시 일도2동46관리사무소,제주특별자치도 제주시,,33.5061182,126.5463276,2017-07-17
제주특별자치도,일도2동,1차신천지APT경로당,2017-05-20,2017-09-30,72.6,30,2,1,N,Y,,,제주특별자치도 제주시 천수로 68 (일도이동),제주특별자치도 제주시 일도2동47-1관리사무소,제주특별자치도 제주시,,33.50478444,126.543545,2017-07-17
제주특별자치도,우도면,서광리마을회관,2017-05-20,2017-09-30,83.22,20,0,1,N,Y,,,제주특별자치도 제주시 우도면 2173,제주특별자치도 제주시 우도면 우목길48,제주특별자치도 제주시,,33.50820775,126.9489333,2017-07-17
제주특별자치도,일도2동,2차우성APT경로당,2017-05-20,2017-09-30,72.6,30,2,1,N,Y,,,제주특별자치도 제주시 남광로 223 (일도이동),제주특별자치도 제주시 일도2동113-6관리사무소,제주특별자치도 제주시,,33.50409626,126.5506258,2017-07-17
제주특별자치도,일도2동,1차우성APT경로당,2017-05-20,2017-09-30,120.5,30,2,1,N,Y,,,제주특별자치도 제주시 태성로 3 (일도이동),제주특별자치도 제주시 일도2동113-2관리사무소,제주특별자치도 제주시,,33.50205895,126.5487207,2017-07-17
제주특별자치도,일도2동,연수경로당,2017-05-20,2017-09-30,235.9,50,2,3,N,Y,,,제주특별자치도 제주시 연수로2길 2-2 (일도이동),제주특별자치도 제주시 일도2동67-1,제주특별자치도 제주시,,33.50197293,126.5439429,2017-07-17
제주특별자치도,일도2동,신산경로당,2017-05-20,2017-09-30,363.6,50,8,1,N,Y,,,제주특별자치도 제주시 신선동길 15 (일도이동),제주특별자치도 제주시 일도2동1029-44,제주특별자치도 제주시,,33.5098519,126.5311284,2017-07-17
제주특별자치도,일도2동,일도2동경로당,2017-05-20,2017-09-30,259.2,50,9,5,N,Y,,,제주특별자치도 제주시 삼성로 129-5 (일도이동),제주특별자치도 제주시 일도2동986-2,제주특별자치도 제주시,,33.51170253,126.5370337,2017-07-17
제주특별자치도,일도1동,일도1동 주민센터,2017-05-20,2017-09-30,30,10,2,1,N,N,,,제주특별자치도 제주시 중앙로7길 15. 일도1동주민센터(동사무소) (일도일동),제주특별자치도 제주시 일도1동 1306-7 일도1동주민센터(동사무소),제주특별자치도 제주시,,33.51505944,126.5263773,2017-07-17
제주특별자치도,일도1동,일도1동경로당,2017-05-20,2017-09-30,117.45,150,5,2,N,N,,,제주특별자치도 제주시 성지로 71 (일도일동),제주특별자치도 제주시 일도1동1048-1,제주특별자치도 제주시,,33.5116681,126.5307569,2017-07-17
제주특별자치도,일도1동,일도1동 문화의집,2017-05-20,2017-09-30,597.26,50,2,1,N,N,,,제주특별자치도 제주시 성지로 71,제주특별자치도 제주시 일도1동1048-1,제주특별자치도 제주시,,33.5116681,126.5307569,2017-07-17
제주특별자치도,우도면,천진리마을회관,2017-05-20,2017-09-30,92.17,23,1,1,N,Y,,,제주특별자치도 제주시 우도면 천진길 10. 천진리사무소,제주특별자치도 제주시 우도면 연평리 1784-4 천진리사무소,제주특별자치도 제주시,,33.49484704,126.9515582,2017-07-17
제주특별자치도,우도면,조일리마을회관,2017-05-20,2017-09-30,105.74,26,1,1,N,Y,,,제주특별자치도 제주시 우도면 우도비양길 83. 조일리사무소,제주특별자치도 제주시 우도면 연평리 610-9 조일리사무소,제주특별자치도 제주시,,33.50948936,126.9627865,2017-07-17
제주특별자치도,우도면,오봉리마을회관,2017-05-20,2017-09-30,68.28,17,1,1,N,Y,,,제주특별자치도 제주시 우도면 우도로 274,제주특별자치도 제주시 우도면 연평리 1011-1,제주특별자치도 제주시,,33.51629081,126.9516582,2017-07-17
제주특별자치도,우도면,우도경로당,2017-05-20,2017-09-30,205.41,51,1,1,N,Y,,,제주특별자치도 제주시 우도면 우도로 157,제주특별자치도 제주시 우도면 연평리 1457-2,제주특별자치도 제주시,,33.50657232,126.9537214,2017-07-17
제주특별자치도,우도면,우도면사무소,2017-05-20,2017-09-30,222.3,55,3,1,Y,Y,,,제주특별자치도 제주시 우도면 우도로 153. 우도면사무소,제주특별자치도 제주시 우도면 연평리 1451-3 우도면사무소,제주특별자치도 제주시,,33.50655423,126.9535621,2017-07-17
제주특별자치도,추자면,예초리경로당,2017-05-20,2017-09-30,191.82,40,5,1,N,Y,,,제주특별자치도 제주시 추자면 추자로 744-3,제주특별자치도 제주시 추자면예초리288,제주특별자치도 제주시,,33.95495988,126.3328841,2017-07-17
제주특별자치도,추자면,신양2리경로당,2017-05-20,2017-09-30,150.7,40,3,3,N,Y,,,제주특별자치도 제주시 추자면 신양서길 18,제주특별자치도 제주시 추자면신양2리808-4,제주특별자치도 제주시,,33.94158158,126.3210469,2017-07-17
제주특별자치도,추자면,신양1리경로당,2017-05-20,2017-09-30,264.52,40,4,3,N,Y,,,제주특별자치도 제주시 추자면 추자로 580,제주특별자치도 제주시 추자면신양1리392-1,제주특별자치도 제주시,,33.94564648,126.3284352,2017-07-17
제주특별자치도,추자면,묵리경로당,2017-05-20,2017-09-30,81.6,40,3,2,N,Y,,,제주특별자치도 제주시 추자면 묵리2길 46,제주특별자치도 제주시 추자면묵리216,제주특별자치도 제주시,,33.94483589,126.3148337,2017-07-17
제주특별자치도,추자면,영흥리경로당,2017-05-20,2017-09-30,238.5,50,8,2,N,Y,,,제주특별자치도 제주시 추자면 영흥1길 53,제주특별자치도 제주시 추자면영흥리362-3,제주특별자치도 제주시,,33.95998068,126.296186,2017-07-17
제주특별자치도,추자면,대서리경로당,2017-05-20,2017-09-30,531.57,50,5,2,N,Y,,,제주특별자치도 제주시 추자면대서리147-1,제주특별자치도 제주시 추자면 추자로 46,제주특별자치도 제주시,,33.96273048,126.2946444,2017-07-17
제주특별자치도,추자면,추자면사무소,2017-05-20,2017-09-30,705.46,20,5,4,N,Y,,,제주특별자치도 제주시 추자면 추자로 26,제주특별자치도 제주시 추자면 대서리 19-1,제주특별자치도 제주시,,33.96370145,126.2960688,2017-07-17
제주특별자치도,한경면,한경면사무소,2017-05-20,2017-09-30,20.48,16,2,1,N,Y,,,제주특별자치도 제주시 한경면 신창리 247 한경면사무소,제주특별자치도 제주시 한경면 두신로 84. 한경면사무소,제주특별자치도 제주시,,33.35018694,126.1836882,2017-07-17
제주특별자치도,한경면,두모리마을회관,2017-05-20,2017-09-30,280,70,0,1,N,N,,,제주특별자치도 제주시 제주시 한경면 두신로 125,제주특별자치도 제주시 제주시 한경면 두모리 2378-1,제주특별자치도 제주시,,33.35378084,126.1850856,2017-07-17
제주특별자치도,한경면,용당리마을회관,2017-05-20,2017-09-30,373,93,0,2,N,N,,,제주특별자치도 제주시 한경면 용수리 1052,제주특별자치도 제주시 한경면 일주서로 4117,제주특별자치도 제주시,,33.33379218,126.181461,2017-07-17
제주특별자치도,한경면,한원리마을회관,2017-05-20,2017-09-30,176,44,0,1,N,N,,,제주특별자치도 제주시 한경면 두모리 1453-1 한원리사무소,제주특별자치도 제주시 한경면 용금로 147. 한원리사무소,제주특별자치도 제주시,,33.33553306,126.1973327,2017-07-17
제주특별자치도,한경면,신양리마을회관,2017-05-20,2017-09-30,317,79,0,1,N,N,,,제주특별자치도 제주시 한경면 청수리 3256-3 산양리복지회관,제주특별자치도 제주시 한경면 중산간서로 3169. 산양리복지회관,제주특별자치도 제주시,,33.29411135,126.2329303,2017-07-17
제주특별자치도,한경면,저지리마을회관,2017-05-20,2017-09-30,381,95,0,1,N,N,,,제주특별자치도 제주시 한경면 저지리 1863-1 저지리복지회관,제주특별자치도 제주시 한경면 중산간서로 3675. 저지리복지회관,제주특별자치도 제주시,,33.33262649,126.2558572,2017-07-17
제주특별자치도,한경면,신창리마을회관,2017-05-20,2017-09-30,214,53,0,1,N,N,,,제주특별자치도 제주시 한경면 신창리 565 신창리사무소,제주특별자치도 제주시 한경면 한경해안로 586. 신창리사무소,제주특별자치도 제주시,,33.34541648,126.1810644,2017-07-17
제주특별자치도,한경면,조수2리마을회관,2017-05-20,2017-09-30,150,37,0,1,N,N,,,제주특별자치도 제주시 한경면 조수리 4007-22 조수2리사무소,제주특별자치도 제주시 한경면 불그못로 67. 조수2리사무소,제주특별자치도 제주시,,33.29572941,126.2171212,2017-07-17
제주특별자치도,한경면,조수1리마을회관,2017-05-20,2017-09-30,246.8,61,0,1,N,N,,,제주특별자치도 제주시 한경면 조수리 418 조수리노인회관,제주특별자치도 제주시 한경면 홍수암로 565. 조수리노인회관,제주특별자치도 제주시,,33.33722303,126.2284065,2017-07-17
제주특별자치도,한경면,용수리마을회관,2017-05-20,2017-09-30,325,81,0,1,N,N,,,제주특별자치도 제주시 한경면 용수리 4107-1,제주특별자치도 제주시 한경면 용수길 75,제주특별자치도 제주시,,33.32520326,126.1681081,2017-07-17
제주특별자치도,한경면,청수리마을회관,2017-05-20,2017-09-30,306.2,76,0,1,N,N,,,제주특별자치도 제주시 한경면 청수리 1571,제주특별자치도 제주시 한경면 대한로 1036,제주특별자치도 제주시,,33.31772571,126.2476161,2017-07-17
제주특별자치도,한경면,낙천리마을회관,2017-05-20,2017-09-30,244,61,0,1,N,N,,,제주특별자치도 제주시 한경면 낙천리 1927 낙천리사무소,제주특별자치도 제주시 한경면 낙수로 117. 낙천리사무소,제주특별자치도 제주시,,33.32636857,126.2273681,2017-07-17
제주특별자치도,한경면,금등리마을회관,2017-05-20,2017-09-30,85.8,21,0,1,N,N,,,제주특별자치도 제주시 한경면 금등리 549-1 금등리사무소,제주특별자치도 제주시 한경면 금등4길 29. 금등리사무소,제주특별자치도 제주시,,33.36032332,126.1956784,2017-07-17
제주특별자치도,한경면,고산2리마을회관,2017-05-20,2017-09-30,544,136,0,1,N,N,,,제주특별자치도 제주시 한경면 고산리 1931 고산리복지회관,제주특별자치도 제주시 한경면 고락로 90. 고산리복지회관,제주특별자치도 제주시,,33.30204094,126.1890545,2017-07-17
제주특별자치도,한경면,고산1리마을회관,2017-05-20,2017-09-30,337,84,6,1,N,N,,,제주특별자치도 제주시 한경면 고산리 2208-1,제주특별자치도 제주시 한경면 고산로 30,제주특별자치도 제주시,,33.30380063,126.1796798,2017-07-17
제주특별자치도,한경면,판포리마을회관,2017-05-20,2017-09-30,405,101,3,1,N,Y,,,제주특별자치도 제주시 한경면 판포리 1986-4,제주특별자치도 제주시 한경면 판포4길 80,제주특별자치도 제주시,,33.36161067,126.2068706,2017-07-17
제주특별자치도,한경면,한장동경로당,2017-05-20,2017-09-30,92,23,0,1,N,Y,,,제주특별자치도 제주시 한경면 한장중길 27,제주특별자치도 제주시 한경면고산리 3801-3,제주특별자치도 제주시,,33.289696,126.1666632,2017-07-17
제주특별자치도,한경면,한원리경로당,2017-05-20,2017-09-30,163,40,0,1,N,Y,,,제주특별자치도 제주시 한경면 신한로 185,제주특별자치도 제주시 한경면두모리1498-1,제주특별자치도 제주시,,33.33851758,126.1959777,2017-07-17
제주특별자치도,한경면,판포리경로당,2017-05-20,2017-09-30,91.3,23,4,1,N,Y,,,제주특별자치도 제주시 한경면 판포4길 80,제주특별자치도 제주시 한경면판포리1986-5,제주특별자치도 제주시,,33.36160805,126.2070253,2017-07-17
제주특별자치도,한경면,청수평화동경로당,2017-05-20,2017-09-30,100,25,0,1,N,Y,,,제주특별자치도 제주시 한경면 청수동8길 3-1,제주특별자치도 제주시 한경면청수리 174-5,제주특별자치도 제주시,,33.30729947,126.254174,2017-07-17
제주특별자치도,한경면,청수리경로당,2017-05-20,2017-09-30,263,65,5,1,N,Y,,,제주특별자치도 제주시 한경면 대한로 1036,제주특별자치도 제주시 한경면청수리1571,제주특별자치도 제주시,,33.31807486,126.2475057,2017-07-17
제주특별자치도,한경면,조수2리경로당,2017-05-20,2017-09-30,150,37,2,1,N,Y,,,제주특별자치도 제주시 한경면 불그못로 67,제주특별자치도 제주시 한경면조수리4007-22,제주특별자치도 제주시,,33.29580108,126.2170475,2017-07-17
제주특별자치도,한경면,조수1리경로당,2017-05-20,2017-09-30,149,37,3,1,N,Y,,,제주특별자치도 제주시 한경면 홍수암로 565,제주특별자치도 제주시 한경면조수리418,제주특별자치도 제주시,,33.33729529,126.2284274,2017-07-17
제주특별자치도,한경면,저지리경로당,2017-05-20,2017-09-30,394,98,1,1,N,Y,,,제주특별자치도 제주시 한경면 중산간서로 3675,제주특별자치도 제주시 한경면저지리1863-1,제주특별자치도 제주시,,33.33269856,126.255848,2017-07-17
제주특별자치도,한경면,용수리경로당,2017-05-20,2017-09-30,264,66,1,1,N,Y,,,제주특별자치도 제주시 한경면 용수길 75,제주특별자치도 제주시 한경면용수리4107-1,제주특별자치도 제주시,,33.3254271,126.1681447,2017-07-17
제주특별자치도,한경면,용당리경로당,2017-05-20,2017-09-30,258,65,5,1,N,Y,,,제주특별자치도 제주시 한경면 일주서로 4117,제주특별자치도 제주시 한경면용당리1049-1,제주특별자치도 제주시,,33.33379885,126.1813793,2017-07-17
제주특별자치도,한경면,신창신흥동경로당,2017-05-20,2017-09-30,141,35,0,2,N,Y,,,제주특별자치도 제주시 한경면 성굴로 43,제주특별자치도 제주시 한경면신창리 951-3,제주특별자치도 제주시,,33.3381405,126.185154,2017-07-17
제주특별자치도,한경면,신창상동경로당,2017-05-20,2017-09-30,98.28,25,1,1,N,Y,,,제주특별자치도 제주시 한경면 신한로 41,제주특별자치도 제주시 한경면신창리169-1,제주특별자치도 제주시,,33.34864397,126.1870715,2017-07-17
제주특별자치도,한경면,신창리경로당,2017-05-20,2017-09-30,99.1,25,4,1,N,Y,,,제주특별자치도 제주시 한경면 신창3길 2,제주특별자치도 제주시 한경면신창리362,제주특별자치도 제주시,,33.34833453,126.1822359,2017-07-17
제주특별자치도,한경면,수룡동경로당,2017-05-20,2017-09-30,99.5,25,4,1,N,Y,,,제주특별자치도 제주시 한경면 수룡4길 27,제주특별자치도 제주시 한경면청수리2497-1,제주특별자치도 제주시,,33.30855399,126.2403976,2017-07-17
제주특별자치도,한경면,신양리경로당,2017-05-20,2017-09-30,379,94,1,1,N,Y,,,제주특별자치도 제주시 한경면 연명로 8-1,제주특별자치도 제주시 한경면청수리3277,제주특별자치도 제주시,,33.29271725,126.2337713,2017-07-17
제주특별자치도,한경면,두모리경로당,2017-05-20,2017-09-30,167.5,42,3,1,N,Y,,,제주특별자치도 제주시 한경면 두신로 126-1,제주특별자치도 제주시 한경면두모리2362,제주특별자치도 제주시,,33.35350114,126.1858789,2017-07-17
제주특별자치도,한경면,낙천리경로당,2017-05-20,2017-09-30,167,42,2,1,N,Y,,,제주특별자치도 제주시 한경면 낙수로 117,제주특별자치도 제주시 한경면낙천리1927,제주특별자치도 제주시,,33.32662242,126.2275935,2017-07-17
제주특별자치도,한경면,금등리경로당,2017-05-20,2017-09-30,101.6,25,1,1,N,Y,,,제주특별자치도 제주시 한경면 금등4길 29,제주특별자치도 제주시 한경면금등리549-1,제주특별자치도 제주시,,33.36035922,126.1956523,2017-07-17
제주특별자치도,한경면,고산2리경로당,2017-05-20,2017-09-30,100,25,2,6,N,Y,,,제주특별자치도 제주시 한경면 고락로 90,제주특별자치도 제주시 한경면고산리1918-1,제주특별자치도 제주시,,33.30165575,126.1891611,2017-07-17
제주특별자치도,한경면,고산1리경로당,2017-05-20,2017-09-30,293,73,4,1,N,Y,,,제주특별자치도 제주시 한경면 고산로4길 4-1,제주특별자치도 제주시 한경면고산1리2250-6,제주특별자치도 제주시,,33.30457121,126.1800462,2017-07-17
제주특별자치도,조천읍,조천 신안동경로당,2017-05-20,2017-09-30,463,115,3,1,N,Y,,,제주특별자치도 제주시 조천읍 조와로1길 20,제주특별자치도 제주시 조천읍조천리 1929-2,제주특별자치도 제주시,,33.51965655,126.6371652,2017-07-17
제주특별자치도,조천읍,조천하동 경로당,2017-05-20,2017-09-30,93,23,3,1,N,Y,,,제주특별자치도 제주시 조천읍 조함해안로 58,제주특별자치도 제주시 조천읍조천리 2920-1,제주특별자치도 제주시,,33.54214452,126.6367009,2017-07-17
제주특별자치도,조천읍,교래리 경로당,2017-05-20,2017-09-30,126,31,2,1,N,Y,,,제주특별자치도 제주시 조천읍 비자림로 670,제주특별자치도 제주시 조천읍 교래리522,제주특별자치도 제주시,,33.43650062,126.6778252,2017-07-17
제주특별자치도,조천읍,와흘리 경로당,2017-05-20,2017-09-30,164,41,1,2,N,Y,,,제주특별자치도 제주시 조천읍 와흘로 4길10,제주특별자치도 제주시 조천읍와흘리1476-1,제주특별자치도 제주시,,33.50474222,126.6352773,2017-07-17
제주특별자치도,조천읍,대흘2리 경로당,2017-05-20,2017-09-30,164,41,1,2,N,Y,,,제주특별자치도 제주시 조천읍 곱은달길 19,제주특별자치도 제주시 조천읍대흘리573,제주특별자치도 제주시,,33.51416189,126.671282,2017-07-17
제주특별자치도,조천읍,대흘1리 경로당,2017-05-20,2017-09-30,66,16,4,1,N,Y,,,제주특별자치도 제주시 조천읍 중산간동로 643,제주특별자치도 제주시 조천읍대흘리2237-1,제주특별자치도 제주시,,33.49868741,126.6542557,2017-07-17
제주특별자치도,조천읍,와산리 경로당,2017-05-20,2017-09-30,119,29,2,1,N,Y,,,제주특별자치도 제주시 조천읍 함와로 577,제주특별자치도 제주시 조천읍 와산리904-1,제주특별자치도 제주시,,33.49295373,126.6813438,2017-07-17
제주특별자치도,조천읍,선흘2리 경로당,2017-05-20,2017-09-30,215,53,2,1,N,Y,,,제주특별자치도 제주시 조천읍 선교로 533,제주특별자치도 제주시 조천읍선흘리470-7,제주특별자치도 제주시,,33.45843943,126.7119023,2017-07-17
제주특별자치도,조천읍,선흘1리낙선경로당,2017-05-20,2017-09-30,134,33,2,1,N,Y,,,제주특별자치도 제주시 조천읍 북선로 330,제주특별자치도 제주시 조천읍선흘리2788-3,제주특별자치도 제주시,,33.51345859,126.6952394,2017-07-17
제주특별자치도,조천읍,선흘1리 경로당,2017-05-20,2017-09-30,269,67,4,3,N,Y,,,제주특별자치도 제주시 조천읍 선흘동2길 29,제주특별자치도 제주시 조천읍선흘리1114-2,제주특별자치도 제주시,,33.51254515,126.705248,2017-07-17
제주특별자치도,조천읍,북촌해동 경로당,2017-05-20,2017-09-30,100,25,2,1,N,Y,,,제주특별자치도 제주시 조천읍 북촌1길 52-1,제주특별자치도 제주시 조천읍 북촌리1438,제주특별자치도 제주시,,33.54882866,126.6846405,2017-07-17
제주특별자치도,조천읍,북촌리 경로당,2017-05-20,2017-09-30,187,46,3,2,N,Y,,,제주특별자치도 제주시 조천읍 북촌7길 22,제주특별자치도 제주시 조천읍 북촌리1271,제주특별자치도 제주시,,33.54969452,126.6933851,2017-07-17
제주특별자치도,조천읍,함덕5구 경로당,2017-05-20,2017-09-30,179,44,6,2,N,Y,,,제주특별자치도 제주시 조천읍 함덕남12길 19-13,제주특별자치도 제주시 조천읍 함덕리290-138,제주특별자치도 제주시,,33.53260308,126.6746831,2017-07-17
제주특별자치도,조천읍,함덕4구 경로당,2017-05-20,2017-09-30,120,30,4,1,N,Y,,,제주특별자치도 제주시 조천읍 함덕27길 10-1,제주특별자치도 제주시 조천읍 함덕리272-49,제주특별자치도 제주시,,33.54112434,126.6744531,2017-07-17
제주특별자치도,조천읍,함덕3구 경로당,2017-05-20,2017-09-30,297,74,5,2,N,Y,,,제주특별자치도 제주시 조천읍 함덕16길 19,제주특별자치도 제주시 조천읍 함덕리1306-1,제주특별자치도 제주시,,33.54037177,126.6667556,2017-07-17
제주특별자치도,조천읍,함덕2구 경로당,2017-05-20,2017-09-30,175,43,6,1,N,Y,,,제주특별자치도 제주시 조천읍 함덕8길 35,제주특별자치도 제주시 조천읍 함덕리1174,제주특별자치도 제주시,,33.54029482,126.6636379,2017-07-17
제주특별자치도,조천읍,함덕1구 경로당,2017-05-20,2017-09-30,133,33,4,1,N,Y,,,제주특별자치도 제주시 조천읍 함덕5길 16,제주특별자치도 제주시 조천읍함덕리3174-1,제주특별자치도 제주시,,33.54494932,126.6591968,2017-07-17
제주특별자치도,조천읍,신흥리 경로당,2017-05-20,2017-09-30,191,47,3,1,N,Y,,,제주특별자치도 제주시 조천읍 신흥로 40,제주특별자치도 제주시 조천읍신흥리144-1,제주특별자치도 제주시,,33.54706874,126.6523102,2017-07-17
제주특별자치도,조천읍,조천상동경로당,2017-05-20,2017-09-30,174,43,5,1,N,Y,,,제주특별자치도 제주시 조천읍 조천5길 3,제주특별자치도 제주시 조천읍조천리 2394-2,제주특별자치도 제주시,,33.53576464,126.6354012,2017-07-17
제주특별자치도,조천읍,조천리경로당,2017-05-20,2017-09-30,158,39,5,1,N,Y,,,제주특별자치도 제주시 조천읍 신북로 262,제주특별자치도 제주시 조천읍조천리1220,제주특별자치도 제주시,,33.53814738,126.6399647,2017-07-17
제주특별자치도,조천읍,신촌서부경로당,2017-05-20,2017-09-30,224,56,2,2,N,Y,,,제주특별자치도 제주시 조천읍 신촌북1길 27,제주특별자치도 제주시 조천읍 신촌리2321-5,제주특별자치도 제주시,,33.53625468,126.6173294,2017-07-17
제주특별자치도,조천읍,신촌 동수동경로당,2017-05-20,2017-09-30,100,25,3,2,N,Y,,,제주특별자치도 제주시 조천읍 신조로 56,제주특별자치도 제주시 조천읍신촌리941-1,제주특별자치도 제주시,,33.51872769,126.6255785,2017-07-17
제주특별자치도,조천읍,신촌리경로당,2017-05-20,2017-09-30,148,37,2,3,N,Y,,,제주특별자치도 제주시 조천읍 신촌5길 18,제주특별자치도 제주시 조천읍신촌리2143-1,제주특별자치도 제주시,,33.53550823,126.6208682,2017-07-17
제주특별자치도,구좌읍,평대리서동경로당,2017-05-20,2017-09-30,106.92,100,1,1,N,Y,,,제주특별자치도 제주시 구좌읍 평대2길 36,제주특별자치도 제주시 평대리 1983,제주특별자치도 제주시,,33.53355021,126.839469,2017-07-17
제주특별자치도,구좌읍,신산동경로당,2017-05-20,2017-09-30,168.36,70,2,2,N,Y,,,제주특별자치도 제주시 구좌읍 김녕로14길 29,제주특별자치도 제주시 김녕리 1132-7,제주특별자치도 제주시,,33.55257542,126.7527848,2017-07-17
제주특별자치도,구좌읍,남흘동경로당,2017-05-20,2017-09-30,64.46,50,2,2,N,Y,,,제주특별자치도 제주시 구좌읍 김녕로 50-18,제주특별자치도 제주시 김녕리 3480,제주특별자치도 제주시,,33.55406811,126.7437437,2017-07-17
제주특별자치도,구좌읍,종달리사무소,2017-05-20,2017-09-30,240.48,20,0,3,N,Y,,,제주특별자치도 제주시 구좌읍 종달로5길 27,제주특별자치도 제주시 종달리 881-1,제주특별자치도 제주시,,33.49348467,126.8991193,2017-07-17
제주특별자치도,구좌읍,한동리 상한동경로당,2017-05-20,2017-09-30,170.66,50,3,1,N,Y,,,제주특별자치도 제주시 구좌읍 한동로 64,제주특별자치도 제주시 구좌읍한동리947,제주특별자치도 제주시,,33.53479048,126.8233307,2017-07-17
제주특별자치도,구좌읍,하도리사무소,2017-05-20,2017-09-30,396.77,20,1,4,N,Y,,,제주특별자치도 제주시 구좌읍 문주란로 1,제주특별자치도 제주시 하도리 1433-1,제주특별자치도 제주시,,33.51862832,126.8824619,2017-07-17
제주특별자치도,구좌읍,상도리사무소,2017-05-20,2017-09-30,296.28,20,0,1,N,Y,,,제주특별자치도 제주시 구좌읍 상도남길 37,제주특별자치도 제주시 상도리 582-1,제주특별자치도 제주시,,33.51529691,126.865628,2017-07-17
제주특별자치도,구좌읍,세화리사무소,2017-05-20,2017-09-30,787.5,20,2,5,N,Y,,,제주특별자치도 제주시 구좌읍 세평항로 46-9,제주특별자치도 제주시 세화리 3641-10,제주특별자치도 제주시,,33.52699251,126.8560333,2017-07-17
제주특별자치도,구좌읍,송당리사무소,2017-05-20,2017-09-30,458.2,20,2,4,N,Y,,,제주특별자치도 제주시 구좌읍 중산간동로 2210,제주특별자치도 제주시 송당리 1265-1,제주특별자치도 제주시,,33.47138754,126.7791792,2017-07-17
제주특별자치도,구좌읍,평대리사무소,2017-05-20,2017-09-30,247.68,20,1,2,N,Y,,,제주특별자치도 제주시 구좌읍 일주동로 3007,제주특별자치도 제주시 평대리 733,제주특별자치도 제주시,,33.52838647,126.8427598,2017-07-17
제주특별자치도,구좌읍,한동리사무소,2017-05-20,2017-09-30,491.25,20,20,1,N,Y,,,제주특별자치도 제주시 구좌읍 한동로1길 3,제주특별자치도 제주시 한동리 1185-4,제주특별자치도 제주시,,33.53703767,126.8287566,2017-07-17
제주특별자치도,구좌읍,행원리사무소,2017-05-20,2017-09-30,558.74,20,0,2,N,Y,,,제주특별자치도 제주시 구좌읍 행원로 7길 18-21,제주특별자치도 제주시 행원리 630-1,제주특별자치도 제주시,,33.55454909,126.8082664,2017-07-17
제주특별자치도,구좌읍,월정리사무소,2017-05-20,2017-09-30,263.69,50,3,1,N,Y,,,제주특별자치도 제주시 구좌읍 월정3길 53-3,제주특별자치도 제주시 월정리 569-1,제주특별자치도 제주시,,33.55596267,126.7946992,2017-07-17
제주특별자치도,구좌읍,덕천리사무소,2017-05-20,2017-09-30,177.53,20,2,1,N,Y,,,제주특별자치도 제주시 구좌읍 덕평로 365,제주특별자치도 제주시 덕천리 246-1,제주특별자치도 제주시,,33.50224426,126.7713566,2017-07-17
제주특별자치도,구좌읍,김녕리사무소,2017-05-20,2017-09-30,763.28,20,0,1,N,Y,,,제주특별자치도 제주시 구좌읍 일주동로 2045,제주특별자치도 제주시 김녕리 1811,제주특별자치도 제주시,,33.55157924,126.7487905,2017-07-17
제주특별자치도,구좌읍,동복리사무소,2017-05-20,2017-09-30,237.91,20,8,2,N,Y,,,제주특별자치도 제주시 구좌읍 동복로 50-1,제주특별자치도 제주시 동복리 1462,제주특별자치도 제주시,,33.55275696,126.7116629,2017-07-17
제주특별자치도,구좌읍,월정리경로당,2017-05-20,2017-09-30,171.5,40,3,1,N,Y,,,제주특별자치도 제주시 구좌읍 월정3길 53-6,제주특별자치도 제주시 구좌읍월정리552,제주특별자치도 제주시,,33.55626559,126.7946856,2017-07-17
제주특별자치도,구좌읍,동복리경로당,2017-05-20,2017-09-30,136.06,120,3,1,N,Y,,,제주특별자치도 제주시 구좌읍 동복로2길 10,제주특별자치도 제주시 구좌읍동복리1418-6,제주특별자치도 제주시,,33.55219943,126.7122893,2017-07-17
제주특별자치도,구좌읍,평대리 경로당(마을회관),2017-05-20,2017-09-30,122.22,80,2,1,N,Y,,,제주특별자치도 제주시 구좌읍 상도남길 37,제주특별자치도 제주시 구좌읍상도리582-1,제주특별자치도 제주시,,33.51529691,126.865628,2017-07-17
제주특별자치도,구좌읍,덕천리경로당,2017-05-20,2017-09-30,149.8,30,2,1,Y,Y,,,제주특별자치도 제주시 구좌읍 월덕로 533-9,제주특별자치도 제주시 구좌읍덕천리300-3,제주특별자치도 제주시,,33.50351712,126.7732086,2017-07-17
제주특별자치도,구좌읍,행원리경로당,2017-05-20,2017-09-30,198.46,150,2,1,N,Y,,,제주특별자치도 제주시 구좌읍 행원로7길 18-12,제주특별자치도 제주시 구좌읍행원리703-1,제주특별자치도 제주시,,33.5546349,126.8077881,2017-07-17
제주특별자치도,구좌읍,하도리 면수동경로당,2017-05-20,2017-09-30,138.18,50,1,1,N,Y,,,제주특별자치도 제주시 구좌읍 면수길 13,제주특별자치도 제주시 구좌읍하도리3210-11,제주특별자치도 제주시,,33.52198139,126.8673055,2017-07-17
제주특별자치도,구좌읍,하도리경로당,2017-05-20,2017-09-30,372.04,50,2,1,N,Y,,,제주특별자치도 제주시 구좌읍 일주동로 3425,제주특별자치도 제주시 구좌읍하도리1318-1,제주특별자치도 제주시,,33.51766293,126.8836602,2017-07-17
제주특별자치도,구좌읍,종달리경로당,2017-05-20,2017-09-30,317.12,70,2,1,N,Y,,,제주특별자치도 제주시 구좌읍 종달논길 33,제주특별자치도 제주시 구좌읍종달리1113-14,제주특별자치도 제주시,,33.49319071,126.9013105,2017-07-17
제주특별자치도,구좌읍,송당리경로당,2017-05-20,2017-09-30,203.9,150,2,1,N,Y,,,제주특별자치도 제주시 구좌읍 중산간동로 2212,제주특별자치도 제주시 구좌읍송당리1266-1,제주특별자치도 제주시,,33.4711861,126.7794723,2017-07-17
제주특별자치도,구좌읍,평대리 동동경로당,2017-05-20,2017-09-30,120.3,80,2,1,N,Y,,,제주특별자치도 제주시 구좌읍 일주동로 3080,제주특별자치도 제주시 구좌읍평대리362,제주특별자치도 제주시,,33.52434749,126.8487005,2017-07-17
제주특별자치도,구좌읍,평대리 경로당(마을회관),2017-05-20,2017-09-30,142.71,50,3,1,N,Y,,,제주특별자치도 제주시 구좌읍 일주동로 3007,제주특별자치도 제주시 구좌읍평대리733,제주특별자치도 제주시,,33.52838647,126.8427598,2017-07-17
제주특별자치도,구좌읍,세화리경로당,2017-05-20,2017-09-30,70,40,4,1,N,Y,,,제주특별자치도 제주시 구좌읍 세화4길 3,제주특별자치도 제주시 구좌읍세화리1418-2,제주특별자치도 제주시,,33.52274823,126.8564193,2017-07-17
제주특별자치도,구좌읍,김녕리경로당,2017-05-20,2017-09-30,219.79,120,3,1,N,Y,,,제주특별자치도 제주시 구좌읍 김녕로8길 14,제주특별자치도 제주시 구좌읍김녕리1795-1,제주특별자치도 제주시,,33.55302148,126.7486399,2017-07-17
제주특별자치도,구좌읍,한동리 경로당(마을회관),2017-05-20,2017-09-30,108,70,3,1,N,Y,,,제주특별자치도 제주시 구좌읍 한동로1길 3,제주특별자치도 제주시 구좌읍한동리1185-2,제주특별자치도 제주시,,33.53703767,126.8287566,2017-07-17
제주특별자치도,구좌읍,구좌읍사무소,2017-05-20,2017-09-30,1275.5,50,3,7,N,Y,,,제주특별자치도 제주시 구좌읍 일주동로 3116,제주특별자치도 제주시 세화리 1561-7,제주특별자치도 제주시,,33.52255553,126.852032,2017-07-17
제주특별자치도,애월읍,유수암상동경로당,2017-05-20,2017-09-30,50,33,3,1,Y,Y,,,제주특별자치도 제주시 애월읍 유수암평화5길 15-21,제주특별자치도 제주시 애월읍 유수암리 1060-1,제주특별자치도 제주시,,33.42307662,126.4053286,2017-07-17
제주특별자치도,애월읍,예원경로당,2017-05-20,2017-09-30,240,73,4,2,N,N,,,제주특별자치도 제주시 애월읍 예원로 95,제주특별자치도 제주시 애월읍 상귀리 1570-10,제주특별자치도 제주시,,33.4609772,126.398104,2017-07-17
제주특별자치도,애월읍,하귀휴먼시아2단지경로당,2017-05-20,2017-09-30,173,35,2,1,N,N,,,제주특별자치도 제주시 애월읍 하귀9길 71,제주특별자치도 제주시 애월읍 하귀1리 166-1,제주특별자치도 제주시,,33.48120416,126.4152002,2017-07-17
제주특별자치도,애월읍,하귀휴먼시아1단지경로당,2017-05-20,2017-09-30,222,47,0,1,N,Y,,,제주특별자치도 제주시 애월읍 하귀9길 45,제주특별자치도 제주시 애월읍 하귀1리 167,제주특별자치도 제주시,,33.48373878,126.4165948,2017-07-17
제주특별자치도,애월읍,하귀번대경로당,2017-05-20,2017-09-30,202,32,2,1,N,Y,,,제주특별자치도 제주시 애월읍 번대동길12,제주특별자치도 제주시 애월읍 하귀2리 2965-6,제주특별자치도 제주시,,33.47759401,126.3919298,2017-07-17
제주특별자치도,애월읍,제일 빌리지경로당,2017-05-20,2017-09-30,33,30,0,1,N,Y,,,제주특별자치도 제주시 애월읍 광령1리 47 제일빌리지,제주특별자치도 제주시 애월읍 광령리 46-1,제주특별자치도 제주시,,33.46228689,126.4445857,2017-07-17
제주특별자치도,애월읍,고성휴먼시아경로당,2017-05-20,2017-09-30,66,30,2,1,N,Y,,,제주특별자치도 제주시 애월읍 고성서3길 15-5,제주특별자치도 제주시 애월읍 고성리1488-1,제주특별자치도 제주시,,33.46567923,126.4107262,2017-07-17
제주특별자치도,애월읍,광령3리경로당,2017-05-20,2017-09-30,140,40,2,1,Y,Y,,,제주특별자치도 제주시 애월읍 광령자종길 1,제주특별자치도 제주시 애월읍 광령리3798-9,제주특별자치도 제주시,,33.4640216,126.4232715,2017-07-17
제주특별자치도,애월읍,광령2리경로당,2017-05-20,2017-09-30,189,62,5,1,N,Y,,,제주특별자치도 제주시 애월읍 하광로 469,제주특별자치도 제주시 애월읍 광령리3068-1,제주특별자치도 제주시,,33.44937829,126.4291934,2017-07-17
제주특별자치도,애월읍,광령1리경로당,2017-05-20,2017-09-30,211,136,3,1,N,Y,,,제주특별자치도 제주시 애월읍 광성로 298-1,제주특별자치도 제주시 애월읍 광령1리1270-1,제주특별자치도 제주시,,33.460503,126.4392575,2017-07-17
제주특별자치도,애월읍,고성2리경로당,2017-05-20,2017-09-30,64,62,0,1,N,Y,,,제주특별자치도 제주시 애월읍 고성남길 21,제주특별자치도 제주시 애월읍 고성리 133-12,제주특별자치도 제주시,,33.43513222,126.42588,2017-07-17
제주특별자치도,애월읍,고성1리경로당,2017-05-20,2017-09-30,183,132,1,1,N,Y,,,제주특별자치도 제주시 애월읍 광성로 61-1,제주특별자치도 제주시 애월읍 고성리1249,제주특별자치도 제주시,,33.45863102,126.4142417,2017-07-17
제주특별자치도,애월읍,유수암리경로당,2017-05-20,2017-09-30,183,132,5,2,N,Y,,,제주특별자치도 제주시 애월읍 유수암평화길 14,제주특별자치도 제주시 애월읍 유수암리1892-1,제주특별자치도 제주시,,33.44136303,126.4027562,2017-07-17
제주특별자치도,애월읍,장전리경로당,2017-05-20,2017-09-30,105,101,2,1,N,Y,,,제주특별자치도 제주시 애월읍 장전로 142,제주특별자치도 제주시 애월읍 장전리 389-2,제주특별자치도 제주시,,33.45128364,126.3922598,2017-07-17
제주특별자치도,애월읍,소길리경로당,2017-05-20,2017-09-30,134,62,3,1,N,Y,,,제주특별자치도 제주시 애월읍 소길2길 52,제주특별자치도 제주시 애월읍 소길리676-1,제주특별자치도 제주시,,33.43809488,126.3798215,2017-07-17
제주특별자치도,애월읍,수산리경로당,2017-05-20,2017-09-30,257,220,2,1,N,Y,,,제주특별자치도 제주시 애월읍 하소로 163,제주특별자치도 제주시 애월읍 수산리 462-1,제주특별자치도 제주시,,33.46704144,126.3933245,2017-07-17
제주특별자치도,애월읍,상귀리경로당,2017-05-20,2017-09-30,126,49,1,1,Y,Y,,,제주특별자치도 제주시 애월읍 애조로 234,제주특별자치도 제주시 애월읍 상귀리526-5,제주특별자치도 제주시,,33.47294599,126.4084436,2017-07-17
제주특별자치도,애월읍,하귀2리경로당,2017-05-20,2017-09-30,124,348,3,2,N,Y,,,제주특별자치도 제주시 애월읍 하귀로23길 19,제주특별자치도 제주시 애월읍 하귀2리1893-5,제주특별자치도 제주시,,33.47864337,126.4030384,2017-07-17
제주특별자치도,애월읍,하귀1리경로당,2017-05-20,2017-09-30,178,210,0,1,N,Y,,,제주특별자치도 제주시 애월읍 하귀10길 5,제주특별자치도 제주시 애월읍 하귀1리530-1,제주특별자치도 제주시,,33.48595464,126.4100682,2017-07-17
제주특별자치도,애월읍,구엄리경로당,2017-05-20,2017-09-30,214,140,0,1,N,Y,,,제주특별자치도 제주시 애월읍 구엄3길 19,제주특별자치도 제주시 애월읍 구엄리1139,제주특별자치도 제주시,,33.47959845,126.3751147,2017-07-17
제주특별자치도,애월읍,중엄리경로당,2017-05-20,2017-09-30,174,90,0,1,N,Y,,,제주특별자치도 제주시 애월읍 중엄안1길 5,제주특별자치도 제주시 애월읍 신엄리 787-1,제주특별자치도 제주시,,33.47414424,126.3726924,2017-07-17
제주특별자치도,애월읍,신엄리경로당,2017-05-20,2017-09-30,101,139,0,1,N,Y,,,제주특별자치도 제주시 애월읍 신엄9길 24,제주특별자치도 제주시 애월읍 신엄리1063,제주특별자치도 제주시,,33.47397337,126.3674566,2017-07-17
제주특별자치도,애월읍,용흥리경로당,2017-05-20,2017-09-30,171,89,1,1,N,Y,,,제주특별자치도 제주시 애월읍 신용로 148,제주특별자치도 제주시 애월읍 신엄리1818-1,제주특별자치도 제주시,,33.45844697,126.3693721,2017-07-17
제주특별자치도,애월읍,하가리경로당,2017-05-20,2017-09-30,88,110,0,2,Y,Y,,,제주특별자치도 제주시 애월읍 하가로 143,제주특별자치도 제주시 애월읍 하가리 1439-2,제주특별자치도 제주시,,33.45691459,126.3498846,2017-07-17
제주특별자치도,애월읍,상가리경로당,2017-05-20,2017-09-30,198,100,0,1,N,Y,,,제주특별자치도 제주시 애월읍 상가중길 23,제주특별자치도 제주시 애월읍 상가리1196-1,제주특별자치도 제주시,,33.4496724,126.3456495,2017-07-17
제주특별자치도,도두동,신성경로당,2017-05-20,2017-09-30,205.25,50,2,1,N,Y,,,제주특별자치도 제주시 신성마을길 26-7,제주특별자치도 제주시 도두2동 254-1,제주특별자치도 제주시,,33.49664585,126.4884049,2017-07-17
제주특별자치도,도두동,다호경로당,2017-05-20,2017-09-30,159.37,40,3,2,N,Y,,,제주특별자치도 제주시 다호5길 3,제주특별자치도 제주시 도두2동 90-12,제주특별자치도 제주시,,33.50140391,126.4904647,2017-07-17
제주특별자치도,도두동,도두1동경로당,2017-05-20,2017-09-30,253.23,150,3,2,N,Y,,,제주특별자치도 제주시 도두3길 52 (도두일동),제주특별자치도 제주시 도두1동 2555-2,제주특별자치도 제주시,,33.50385142,126.4670323,2017-07-17
제주특별자치도,도두동,도두동주민센터,2017-05-20,2017-09-30,268.5,50,7,1,N,Y,,,제주특별자치도 제주시 도두1길 9-1 (도두일동),제주특별자치도 제주시 도두동 1987-1,제주특별자치도 제주시,,33.50289739,126.4682564,2017-07-17
제주특별자치도,이호동,오도롱경로당,2017-05-20,2017-09-30,150,37,7,1,N,N,,,제주특별자치도 제주시 오도길 31(이호2동),제주특별자치도 제주시 이호2동 937-1,제주특별자치도 제주시,,33.49250582,126.4603657,2017-07-17
제주특별자치도,이호동,동마을경로당,2017-05-20,2017-09-30,102.7,25,2,2,N,N,,,제주특별자치도 제주시 백포동길 24(이호1동),제주특별자치도 제주시 이호1동 335-5,제주특별자치도 제주시,,33.50240665,126.4606831,2017-07-17
제주특별자치도,이호동,현사마을경로당,2017-05-20,2017-09-30,139.66,34,2,1,N,N,,,제주특별자치도 제주시 현사안길 26(이호1동),제주특별자치도 제주시 이호1동 1765,제주특별자치도 제주시,,33.49582192,126.4493131,2017-07-17
제주특별자치도,이호동,백포경로당,2017-05-20,2017-09-30,255.46,63,3,2,N,N,,,제주특별자치도 제주시 백포서길 5(이호1동),제주특별자치도 제주시 이호1동 452-4,제주특별자치도 제주시,,33.4995821,126.4580275,2017-07-17
제주특별자치도,이호동,이호동주민센터,2017-05-20,2017-09-30,255.46,63,6,3,N,N,,,제주특별자치도 제주시 백포서길 9. 이호동주민센터(동사무소) (이호일동),제주특별자치도 제주시 이호동 455-4 이호동주민센터(동사무소),제주특별자치도 제주시,,33.49981324,126.4581036,2017-07-17
제주특별자치도,외도동,아름마을경로당,2017-05-20,2017-09-30,309.48,77,4,1,N,Y,,,제주특별자치도 제주시 우정로18길 25 (외도일동),제주특별자치도 제주시 외도1동641-1,제주특별자치도 제주시,,33.48422686,126.4284657,2017-07-17
제주특별자치도,외도동,외도2차부영APT 경로당,2017-05-20,2017-09-30,714,178,2,1,N,Y,,,제주특별자치도 제주시 우평로 318 (외도일동),제주특별자치도 제주시 외도1동560-2,제주특별자치도 제주시,,33.48498216,126.433522,2017-07-17
제주특별자치도,외도동,외도1차부영APT 경로당,2017-05-20,2017-09-30,840,210,3,2,N,Y,,,제주특별자치도 제주시 우평로 318 (외도일동),제주특별자치도 제주시 외도1동560-2,제주특별자치도 제주시,,33.48498216,126.433522,2017-07-17
제주특별자치도,외도동,신산마을회관,2017-05-20,2017-09-30,178.29,44,6,2,N,Y,,,제주특별자치도 제주시 신산마을길 79-4. 신산마을회관 (도평동),제주특별자치도 제주시 외도동 569 신산마을회관,제주특별자치도 제주시,,33.48891455,126.451483,2017-07-17
제주특별자치도,외도동,도평마을회관,2017-05-20,2017-09-30,320.72,80,2,2,N,Y,,,제주특별자치도 제주시 도평길 27. 도평경로당 (도평동),제주특별자치도 제주시 외도동 857-1 도평경로당,제주특별자치도 제주시,,33.47979001,126.4481321,2017-07-17
제주특별자치도,외도동,내도마을회관,2017-05-20,2017-09-30,164.4,41,6,1,N,Y,,,제주특별자치도 제주시 내도3길 4-1 (내도동),제주특별자치도 제주시 외도동 608-1,제주특별자치도 제주시,,33.49448419,126.43971,2017-07-17
제주특별자치도,외도동,연대마을회관,2017-05-20,2017-09-30,343.6,85,3,1,N,Y,,,제주특별자치도 제주시 연대마을길 34-10 (외도이동),제주특별자치도 제주시 외도동 1956-34,제주특별자치도 제주시,,33.49441117,126.4268966,2017-07-17
제주특별자치도,외도동,절물마을회관,2017-05-20,2017-09-30,356,89,3,2,N,Y,,,제주특별자치도 제주시 우정로5길 21. 외도절물회관 (외도일동),제주특별자치도 제주시 외도동 480-6 외도절물회관,제주특별자치도 제주시,,33.49027123,126.4332035,2017-07-17
제주특별자치도,외도동,월대마을회관,2017-05-20,2017-09-30,367.15,91,6,1,N,Y,,,제주특별자치도 제주시 월대4길 3. 월대마을회관 (외도이동),제주특별자치도 제주시 외도동 250-10 월대마을회관,제주특별자치도 제주시,,33.4934974,126.4352399,2017-07-17
제주특별자치도,외도동,외도일동마을회관,2017-05-20,2017-09-30,503.22,125,3,2,N,Y,,,제주특별자치도 제주시 우령안1길 12. 외도일동복지회관 (외도일동),제주특별자치도 제주시 외도동 496-16 외도일동복지회관,제주특별자치도 제주시,,33.48768218,126.4293425,2017-07-17
제주특별자치도,외도동,외도동주민센터,2017-05-20,2017-09-30,619.08,154,9,6,N,Y,,,제주특별자치도 제주시 일주서로 7350 (외도이동),제주특별자치도 제주시 외도동 233-4,제주특별자치도 제주시,,33.49290251,126.4321189,2017-07-17
제주특별자치도,노형동,제일일출빌리지 경로당,2017-05-20,2017-09-30,138,35,3,1,N,Y,,,제주특별자치도 제주시 제주시 해안마을북길 13-13(해안동),제주특별자치도 제주시 해안동 2344,제주특별자치도 제주시,,33.46450302,126.4498468,2017-07-17
제주특별자치도,노형동,부영2차 APT 경로당,2017-05-20,2017-09-30,138,35,3,1,N,Y,,,제주특별자치도 제주시 과원로 11 (노형동),제주특별자치도 제주시 노형동 754-4 부영2차아파트,제주특별자치도 제주시,,33.47651299,126.4852828,2017-07-17
제주특별자치도,노형동,아이파크경로당,2017-05-20,2017-09-30,100.34,36,1,1,N,Y,,,제주특별자치도 제주시 원노형로 90,제주특별자치도 제주시 노형동731-1,제주특별자치도 제주시,,33.48043293,126.4835037,2017-07-17
제주특별자치도,노형동,부영3차 APT 경로당,2017-05-20,2017-09-30,91,23,2,1,N,Y,,,제주특별자치도 제주시 과원로 27 (노형동),제주특별자치도 제주시 노형동 754-3 부영3차아파트,제주특별자치도 제주시,,33.47728075,126.4860572,2017-07-17
제주특별자치도,노형동,노형e편한세상경로당,2017-05-20,2017-09-30,174,44,0,2,N,Y,,,제주특별자치도 제주시 수덕로 78 (노형동),제주특별자치도 제주시 노형동2585-2,제주특별자치도 제주시,,33.48521143,126.4698536,2017-07-17
제주특별자치도,노형동,노형중흥S클래스경로당,2017-05-20,2017-09-30,151,38,1,3,N,Y,,,제주특별자치도 제주시 광평동로 66 (노형동),제주특별자치도 제주시 노형동2585-1관리사무소,제주특별자치도 제주시,,33.48506456,126.4675606,2017-07-17
제주특별자치도,노형동,뜨란채APT경로당,2017-05-20,2017-09-30,131,33,2,1,N,Y,,,제주특별자치도 제주시 수덕로 44 (노형동),제주특별자치도 제주시 노형동2583-1관리사무소,제주특별자치도 제주시,,33.48711549,126.473212,2017-07-17
제주특별자치도,노형동,정든3차 APT경로당,2017-05-20,2017-09-30,88,22,2,3,N,Y,,,제주특별자치도 제주시 정존11길 68 (노형동),제주특별자치도 제주시 노형동2582-2,제주특별자치도 제주시,,33.49043007,126.4724431,2017-07-17
제주특별자치도,노형동,정든1차 APT경로당,2017-05-20,2017-09-30,397,99,4,1,N,Y,,,제주특별자치도 제주시 정존11길 54 (노형동),제주특별자치도 제주시 노형동2582-4,제주특별자치도 제주시,,33.48873627,126.4744203,2017-07-17
제주특별자치도,노형동,한화APT경로당,2017-05-20,2017-09-30,57,14,2,2,N,Y,,,제주특별자치도 제주시 원노형로 102 (노형동),제주특별자치도 제주시 노형동731-2관리사무소,제주특별자치도 제주시,,33.4799152,126.4838855,2017-07-17
제주특별자치도,노형동,중흥S클래스APT경로당,2017-05-20,2017-09-30,79,20,2,2,N,Y,,,제주특별자치도 제주시 한라대학로 107 (노형동),제주특별자치도 제주시 노형동753-1,제주특별자치도 제주시,,33.47734032,126.4813101,2017-07-17
제주특별자치도,노형동,부영5차APT경로당,2017-05-20,2017-09-30,108,27,2,2,N,Y,,,제주특별자치도 제주시 과원북2길 18 (노형동),제주특별자치도 제주시 노형동754 부영5,제주특별자치도 제주시,,33.47878337,126.4840213,2017-07-17
제주특별자치도,노형동,부영1차APT경로당,2017-05-20,2017-09-30,51,13,1,2,N,Y,,,제주특별자치도 제주시 원노형로 93 (노형동),제주특별자치도 제주시 노형동732관리사무소,제주특별자치도 제주시,,33.48041256,126.4855438,2017-07-17
제주특별자치도,노형동,으뜸마을APT경로당,2017-05-20,2017-09-30,79,20,3,1,N,Y,,,제주특별자치도 제주시 진군1길 3 (노형동),제주특별자치도 제주시 노형동753관리사무소,제주특별자치도 제주시,,33.47860928,126.4811949,2017-07-17
제주특별자치도,노형동,해안마을경로당,2017-05-20,2017-09-30,97,24,10,3,N,Y,,,제주특별자치도 제주시 해안마을길 82 (해안동),제주특별자치도 제주시 해안동1945-1,제주특별자치도 제주시,,33.45611382,126.4545679,2017-07-17
제주특별자치도,노형동,월산마을경로당,2017-05-20,2017-09-30,101,25,5,5,N,Y,,,제주특별자치도 제주시 월산남길 5 (노형동),제주특별자치도 제주시 노형동3375-1,제주특별자치도 제주시,,33.47272069,126.4643829,2017-07-17
제주특별자치도,노형동,정존마을경로당,2017-05-20,2017-09-30,212,53,2,3,N,Y,,,제주특별자치도 제주시 수덕9길 71-10 (노형동),제주특별자치도 제주시 노형동2513-5,제주특별자치도 제주시,,33.48307689,126.4716441,2017-07-17
제주특별자치도,노형동,월랑마을경로당,2017-05-20,2017-09-30,105,26,5,3,N,Y,,,제주특별자치도 제주시 다랑곶4길 39 (노형동),제주특별자치도 제주시 노형동1052-28,제주특별자치도 제주시,,33.48961145,126.4784135,2017-07-17
제주특별자치도,노형동,원노형마을경로당,2017-05-20,2017-09-30,140,35,6,3,N,Y,,,제주특별자치도 제주시 원노형2길 33-6 (노형동),제주특별자치도 제주시 노형동921,제주특별자치도 제주시,,33.48302062,126.482236,2017-07-17
제주특별자치도,노형동,광평마을경로당,2017-05-20,2017-09-30,149,37,1,3,N,Y,,,제주특별자치도 제주시 광평길 15 (노형동),제주특별자치도 제주시 노형동2486,제주특별자치도 제주시,,33.48130946,126.4698817,2017-07-17
제주특별자치도,노형동,노형동주민센터,2017-05-20,2017-09-30,1382,346,12,8,N,Y,,,제주특별자치도 제주시 정원로 16 (노형동),제주특별자치도 제주시 노형동 1423-1,제주특별자치도 제주시,,33.48049727,126.4782013,2017-07-17
제주특별자치도,연동,상록경로당,2017-05-20,2017-09-30,101.6,70,2,2,N,Y,,,제주특별자치도 제주시 신광로12길17(연동),제주특별자치도 제주시 연동 280-38,제주특별자치도 제주시,,33.48240262,126.487998,2017-07-17
제주특별자치도,연동,귀아랑경로당,2017-05-20,2017-09-30,138.12,78,3,2,N,Y,,,제주특별자치도 제주시 문송1길31(연동),제주특별자치도 제주시 연동 322-35,제주특별자치도 제주시,,33.48820675,126.5007339,2017-07-17
제주특별자치도,연동,신광경로당,2017-05-20,2017-09-30,264,66,9,3,N,Y,,,제주특별자치도 제주시 성신북길3(연동),제주특별자치도 제주시 연동 2344-7,제주특별자치도 제주시,,33.49163203,126.4820943,2017-07-17
제주특별자치도,연동,연동주민센터,2017-05-20,2017-09-30,143,38,6,1,N,N,,,제주특별자치도 제주시 신대로 101 (연동),제주특별자치도 제주시 연동 302-6,제주특별자치도 제주시,,33.48821279,126.4968774,2017-07-17
제주특별자치도,연동,연동복지회관,2017-05-20,2017-09-30,336,84,4,2,N,Y,,,제주특별자치도 제주시 신대로10길 48-9 (연동),제주특별자치도 제주시 연동 270-5,제주특별자치도 제주시,,33.49154899,126.4925325,2017-07-17
제주특별자치도,연동,세기아파트경로당,2017-05-20,2017-09-30,37,10,1,1,N,Y,,,제주특별자치도 제주시 연삼로 64 (연동),제주특별자치도 제주시 연동310-20,제주특별자치도 제주시,,33.4932307,126.4990178,2017-07-17
제주특별자치도,연동,대림2차아파트 경로당,2017-05-20,2017-09-30,136,34,2,3,N,Y,,,제주특별자치도 제주시 연화로 25 (연동),제주특별자치도 제주시 연동1399-1,제주특별자치도 제주시,,33.47975083,126.4877296,2017-07-17
제주특별자치도,연동,대림1차아파트 경로당,2017-05-20,2017-09-30,136,34,3,1,N,Y,,,제주특별자치도 제주시 국기로 14 (연동),제주특별자치도 제주시 연동1399,제주특별자치도 제주시,,33.48023672,126.4892416,2017-07-17
제주특별자치도,연동,제성마을경로당,2017-05-20,2017-09-30,126,32,5,1,N,Y,,,제주특별자치도 제주시 제성3길 20 (연동),제주특별자치도 제주시 연동2446-2,제주특별자치도 제주시,,33.49542207,126.4837634,2017-07-17
제주특별자치도,연동,연상동경로당,2017-05-20,2017-09-30,283,71,4,5,N,Y,,,제주특별자치도 제주시 주수길 11 (연동),제주특별자치도 제주시 연동534-1,제주특별자치도 제주시,,33.48070294,126.4956513,2017-07-17
제주특별자치도,연동,연동경로당,2017-05-20,2017-09-30,266,67,4,1,N,Y,,,제주특별자치도 제주시 신대로10길 48-9 (연동),제주특별자치도 제주시 연동270-5,제주특별자치도 제주시,,33.49154899,126.4925325,2017-07-17
제주특별자치도,오라동,오라동주민센터,2017-05-20,2017-09-30,60,30,10,8,N,Y,,,제주특별자치도 제주시 오라로10길 6. 오라동주민센터(동사무소) (오라이동),제주특별자치도 제주시 오라동 1191 오라동주민센터(동사무소),제주특별자치도 제주시,,33.495149,126.5115927,2017-07-17
제주특별자치도,오라동,오라3동경로당,2017-05-20,2017-09-30,134.61,33,10,2,N,Y,,,제주특별자치도 제주시 월구길 12 (오라삼동),제주특별자치도 제주시 오라3동2611-14,제주특별자치도 제주시,,33.49874242,126.5037942,2017-07-17
제주특별자치도,오라동,정실경로당,2017-05-20,2017-09-30,316.08,79,4,1,N,Y,,,제주특별자치도 제주시 정실4길 11 (오라이동),제주특별자치도 제주시 오라2동691-3,제주특별자치도 제주시,,33.46874553,126.5085523,2017-07-17
제주특별자치도,오라동,연미경로당,2017-05-20,2017-09-30,140.86,35,3,1,N,Y,,,제주특별자치도 제주시 연사길 142 (오라이동),제주특별자치도 제주시 오라2동3030-1,제주특별자치도 제주시,,33.48680428,126.5053342,2017-07-17
제주특별자치도,오라동,사평경로당,2017-05-20,2017-09-30,111.75,27,3,1,N,Y,,,제주특별자치도 제주시 사평4길 33 (오라이동),제주특별자치도 제주시 오라2동1375-5,제주특별자치도 제주시,,33.49027032,126.5126961,2017-07-17
제주특별자치도,오라동,동성경로당,2017-05-20,2017-09-30,90.72,22,5,1,N,Y,,,제주특별자치도 제주시 동성길 13 (오라이동),제주특별자치도 제주시 오라2동2228-2,제주특별자치도 제주시,,33.49888849,126.5105988,2017-07-17
제주특별자치도,오라동,공설통경로당,2017-05-20,2017-09-30,151.6,37,3,1,N,Y,,,제주특별자치도 제주시 공설로5길 4 (오라일동),제주특별자치도 제주시 오라1동2446-2,제주특별자치도 제주시,,33.49794808,126.5172503,2017-07-17
제주특별자치도,오라동,오라1동경로당,2017-05-20,2017-09-30,179.64,44,7,1,N,Y,,,제주특별자치도 제주시 오라로16길 1 (오라일동),제주특별자치도 제주시 오라1동1003-1,제주특별자치도 제주시,,33.49393607,126.5168077,2017-07-17
제주특별자치도,아라동,아라아이파크경로당,2017-05-20,2017-09-30,111.7,18,3,1,N,N,,,제주특별자치도 제주시 인다1길20,제주특별자치도 제주시 아라1동 6121,제주특별자치도 제주시,,33.47757313,126.5501258,2017-07-17
제주특별자치도,아라동,스위첸경로당,2017-05-20,2017-09-30,120.4,25,3,1,N,N,,,제주특별자치도 제주시 아란9길22,제주특별자치도 제주시 아라1동 6088,제주특별자치도 제주시,,33.47410317,126.5420793,2017-07-17
제주특별자치도,아라동,월두경로당,2017-05-20,2017-09-30,110.34,20,4,1,N,N,,,제주특별자치도 제주시 월두2길 45-1 (아라이동),제주특별자치도 제주시 아라2동1434-1,제주특별자치도 제주시,,33.48501265,126.5480172,2017-07-17
제주특별자치도,아라동,오등상동경로당,2017-05-20,2017-09-30,106.11,10,4,1,N,N,,,제주특별자치도 제주시 한북로 233 (오등동),제주특별자치도 제주시 오등동264-1,제주특별자치도 제주시,,33.45957568,126.5398753,2017-07-17
제주특별자치도,아라동,매전경로당,2017-05-20,2017-09-30,29.88,5,2,1,N,N,,,제주특별자치도 제주시 아란서길 71-10 (아라일동),제주특별자치도 제주시 아라1동2125-15,제주특별자치도 제주시,,33.47235585,126.5406082,2017-07-17
제주특별자치도,아라동,대원경로당,2017-05-20,2017-09-30,103.95,15,1,1,N,N,,,제주특별자치도 제주시 대원길 10 (아라일동),제주특별자치도 제주시 아라1동2781-4,제주특별자치도 제주시,,33.47553175,126.5344548,2017-07-17
제주특별자치도,아라동,염광아파트경로당,2017-05-20,2017-09-30,65.27,13,1,2,N,N,,,제주특별자치도 제주시 인다15길 5-12 (아라일동),제주특별자치도 제주시 아라1동1708-2,제주특별자치도 제주시,,33.47074218,126.5480181,2017-07-17
제주특별자치도,아라동,구산경로당,2017-05-20,2017-09-30,67.8,10,2,1,N,N,,,제주특별자치도 제주시 구산로4길 17 (아라일동),제주특별자치도 제주시 아라1동2405-3,제주특별자치도 제주시,,33.48176224,126.5379505,2017-07-17
제주특별자치도,아라동,산천단경로당,2017-05-20,2017-09-30,63.9,10,1,1,N,N,,,제주특별자치도 제주시 산천단동길 12 (아라일동),제주특별자치도 제주시 아라1동4-123,제주특별자치도 제주시,,33.44768906,126.5577356,2017-07-17
제주특별자치도,아라동,오등동경로당,2017-05-20,2017-09-30,112.23,20,0,1,N,N,,,제주특별자치도 제주시 아연로 443 (오등동),제주특별자치도 제주시 오등동611-1,제주특별자치도 제주시,,33.47518923,126.5278036,2017-07-17
제주특별자치도,아라동,간드락경로당,2017-05-20,2017-09-30,178.2,25,5,2,N,N,,,제주특별자치도 제주시 금월길 90-1 (아라이동),제주특별자치도 제주시 아라2동1203-1,제주특별자치도 제주시,,33.48085156,126.5531774,2017-07-17
제주특별자치도,아라동,영평하동경로당,2017-05-20,2017-09-30,199,15,1,1,N,N,,,제주특별자치도 제주시 영강길 142 (영평동),제주특별자치도 제주시 영평동893-3,제주특별자치도 제주시,,33.48630885,126.5738943,2017-07-17
제주특별자치도,아라동,영평상동경로당,2017-05-20,2017-09-30,103.83,18,4,2,N,N,,,제주특별자치도 제주시 아봉로 248 (영평동),제주특별자치도 제주시 영평동1881,제주특별자치도 제주시,,33.47629535,126.5680605,2017-07-17
제주특별자치도,아라동,아라주공아파트경로당,2017-05-20,2017-09-30,166.98,25,4,3,N,N,,,제주특별자치도 제주시 인다12길 1 (아라일동),제주특별자치도 제주시 아라1동1683,제주특별자치도 제주시,,33.47392062,126.546375,2017-07-17
제주특별자치도,아라동,월평경로당,2017-05-20,2017-09-30,174.61,10,0,1,N,N,,,제주특별자치도 제주시 월평5길 2 (월평동),제주특별자치도 제주시 월평동1039-1,제주특별자치도 제주시,,33.47009904,126.575213,2017-07-17
제주특별자치도,아라동,금천경로당,2017-05-20,2017-09-30,100.2,15,8,1,N,N,,,제주특별자치도 제주시 금월길 90-1 (아라이동),제주특별자치도 제주시 아라2동982-1,제주특별자치도 제주시,,33.48085156,126.5531774,2017-07-17
제주특별자치도,아라동,인다경로당,2017-05-20,2017-09-30,92.56,10,1,2,N,N,,,제주특별자치도 제주시 중앙로 583 (아라일동),제주특별자치도 제주시 아라1동1698-10,제주특별자치도 제주시,,33.47125356,126.5458467,2017-07-17
제주특별자치도,아라동,아라동주민센터,2017-05-20,2017-09-30,193.81,10,12,4,N,N,,,제주특별자치도 제주시 제주시 인다8길5,제주특별자치도 제주시 아라동 1644-5 아라동주민센터(동사무소),제주특별자치도 제주시,,33.47634006,126.5452693,2017-07-17
제주특별자치도,봉개동,명도암경로당,2017-05-20,2017-09-30,184.64,50,2,2,N,Y,,,제주특별자치도 제주시 명림로 175-2 (봉개동),제주특별자치도 제주시 봉개동419,제주특별자치도 제주시,,33.4712161,126.6111951,2017-07-17
제주특별자치도,봉개동,동회천경로당,2017-05-20,2017-09-30,162.96,50,5,2,N,Y,,,제주특별자치도 제주시 동회천길 27 (회천동),제주특별자치도 제주시 회천동1207,제주특별자치도 제주시,,33.50468248,126.6155183,2017-07-17
제주특별자치도,봉개동,서회천마을회관,2017-05-20,2017-09-30,84.9,30,1,1,N,Y,,,제주특별자치도 제주시 서회천길 33 (회천동),제주특별자치도 제주시 회천동2943-4,제주특별자치도 제주시,,33.49811096,126.6072482,2017-07-17
제주특별자치도,봉개동,서회천경로당,2017-05-20,2017-09-30,113.36,50,1,1,N,Y,,,제주특별자치도 제주시 서회천길 33 (회천동),제주특별자치도 제주시 회천동2943-4,제주특별자치도 제주시,,33.49811096,126.6072482,2017-07-17
제주특별자치도,봉개동,용강마을회관,2017-05-20,2017-09-30,30.78,30,2,1,N,Y,,,제주특별자치도 제주시 아봉로 549 (용강동),제주특별자치도 제주시 용강동1276-1,제주특별자치도 제주시,,33.47709184,126.5858687,2017-07-17
제주특별자치도,봉개동,용강경로당,2017-05-20,2017-09-30,100.5,100,2,1,N,Y,,,제주특별자치도 제주시 아봉로 549 (용강동),제주특별자치도 제주시 용강동1276-1,제주특별자치도 제주시,,33.47709184,126.5858687,2017-07-17
제주특별자치도,봉개동,봉개3통주민회의실,2017-05-20,2017-09-30,36.9,30,2,1,N,Y,,,제주특별자치도 제주시,제주특별자치도 제주시 봉개동 2080-2,제주특별자치도 제주시,,33.49953424,126.5311711,2017-07-17
제주특별자치도,봉개동,봉개경로당,2017-05-20,2017-09-30,153,150,4,2,N,Y,,,제주특별자치도 제주시 봉개북1길 7 (봉개동),제주특별자치도 제주시 봉개동 1825-1,제주특별자치도 제주시,,33.491288,126.595025,2017-07-17
제주특별자치도,봉개동,봉개동 주민센터,2017-05-20,2017-09-30,403.36,50,5,1,N,Y,,,제주특별자치도 제주시 봉개북1길15,제주특별자치도 제주시 봉개동1824-1,제주특별자치도 제주시,,33.49166571,126.5947306,2017-07-17
제주특별자치도,삼양동,삼화LH3단지아파트경로당,2017-05-20,2017-09-30,117.87,27,2,1,N,Y,,,제주특별자치도 제주시 화삼로 110(도련2동),제주특별자치도 제주시 도련2동 550,제주특별자치도 제주시,,33.51391355,126.5849528,2017-07-17
제주특별자치도,삼양동,도련주공아파트경로당,2017-05-20,2017-09-30,68.3,10,2,1,N,Y,,,제주특별자치도 제주시 도련1동1618.102동,제주특별자치도 제주시 도련2길 14 (도련일동),제주특별자치도 제주시,,33.50786832,126.588994,2017-07-17
제주특별자치도,삼양동,도련2동경로당,2017-05-20,2017-09-30,85.02,40,2,1,N,Y,,,제주특별자치도 제주시 도련2동570-1,제주특별자치도 제주시 매촌서1길 10 (도련이동),제주특별자치도 제주시,,33.51459724,126.5899093,2017-07-17
제주특별자치도,삼양동,도련1동경로당,2017-05-20,2017-09-30,148.8,30,3,2,N,Y,,,제주특별자치도 제주시 도련1동2257-2,제주특별자치도 제주시 도련안길 44 (도련일동),제주특별자치도 제주시,,33.50918449,126.5846224,2017-07-17
제주특별자치도,삼양동,삼양3동경로당,2017-05-20,2017-09-30,45.33,20,2,2,N,Y,,,제주특별자치도 제주시 삼양3동2603,제주특별자치도 제주시 벌랑길 73 (삼양삼동),제주특별자치도 제주시,,33.52691343,126.5761152,2017-07-17
제주특별자치도,삼양동,삼양2동경로당,2017-05-20,2017-09-30,157.5,30,2,2,N,Y,,,제주특별자치도 제주시 삼양2동 2133-3,제주특별자치도 제주시 지석13길 15 (삼양이동),제주특별자치도 제주시,,33.522352,126.5848178,2017-07-17
제주특별자치도,삼양동,삼양1동경로당,2017-05-20,2017-09-30,82.64,30,3,4,N,Y,,,제주특별자치도 제주시 삼양1동1600-10,제주특별자치도 제주시 원당로7길 17 (삼양일동),제주특별자치도 제주시,,33.5269457,126.5899845,2017-07-17
제주특별자치도,삼양동,삼양동주민센터,2017-05-20,2017-09-30,50,15,2,5,N,N,,,제주특별자치도 제주시 지석13길 6. 삼양동주민센터 (삼양이동),제주특별자치도 제주시 삼양동 2136-9 삼양동주민센터,제주특별자치도 제주시,,33.52180641,126.5855868,2017-07-17
제주특별자치도,화북동,화북주공4단지경로당,2017-05-20,2017-09-30,121.01,30,3,2,N,Y,,,제주특별자치도 제주시 동화로1길 10 (화북일동),제주특별자치도 제주시 화북1동 12-1사무소,제주특별자치도 제주시,,33.51800187,126.5739457,2017-07-17
제주특별자치도,화북동,화북주공3단지경로당,2017-05-20,2017-09-30,106.91,27,6,1,N,Y,,,제주특별자치도 제주시 동화로1길 35 (화북일동),제주특별자치도 제주시 화북1동 9-1사무소,제주특별자치도 제주시,,33.51961012,126.5770464,2017-07-17
제주특별자치도,화북동,화북주공1단지경로당,2017-05-20,2017-09-30,64.3,16,4,2,N,Y,,,제주특별자치도 제주시 동화로1길 11 (화북일동),제주특별자치도 제주시 화북1동 10-1사무소,제주특별자치도 제주시,,33.5207151,126.5753575,2017-07-17
제주특별자치도,화북동,화남경로당,2017-05-20,2017-09-30,223.73,60,6,1,N,Y,,,제주특별자치도 제주시 거로중길 50 (화북이동),제주특별자치도 제주시 화북2동3602-1,제주특별자치도 제주시,,33.5115966,126.5604243,2017-07-17
제주특별자치도,화북동,황사평마을회관  (황사평경로당),2017-05-20,2017-09-30,72.15,18,4,1,N,Y,,,제주특별자치도 제주시 황사평6길 80 (화북이동),제주특별자치도 제주시 화북2동2983-4,제주특별자치도 제주시,,33.4927061,126.5613548,2017-07-17
제주특별자치도,화북동,거로마을회관(거로경로당),2017-05-20,2017-09-30,145.62,36,7,1,N,Y,,,제주특별자치도 제주시 거로남4길 14-3 (화북이동),제주특별자치도 제주시 화북2동3350-4,제주특별자치도 제주시,,33.50807703,126.5604938,2017-07-17
제주특별자치도,화북동,서마을회관 (금산경로당),2017-05-20,2017-09-30,261.47,65,7,2,N,Y,,,제주특별자치도 제주시 금산길 26 (화북일동),제주특별자치도 제주시 화북1동4085-1,제주특별자치도 제주시,,33.52407458,126.5624495,2017-07-17
제주특별자치도,화북동,중마을회관 (청풍경로당),2017-05-20,2017-09-30,164.5,41,6,1,N,Y,,,제주특별자치도 제주시 진남로 30-1 (화북일동),제주특별자치도 제주시 화북1동1932-2,제주특별자치도 제주시,,33.52273699,126.5635758,2017-07-17
제주특별자치도,화북동,동마을회관(장머들경로당),2017-05-20,2017-09-30,158.93,40,6,2,N,Y,,,제주특별자치도 제주시 진동로 63 (화북일동),제주특별자치도 제주시 화북1동1594-4,제주특별자치도 제주시,,33.52481621,126.5672167,2017-07-17
제주특별자치도,화북동,화북동 주민센터,2017-05-20,2017-09-30,634.35,158,13,2,N,N,,,제주특별자치도 제주시 진남로6길17(화북일동),제주특별자치도 제주시 화북1동 1976-7,제주특별자치도 제주시,,33.52024815,126.5654999,2017-07-17
제주특별자치도,건입동,건입동 주민센터,2017-05-20,2017-09-30,30,15,3,1,N,N,,,제주특별자치도 제주시 만덕로 18. 건입동주민센터 (건입동),제주특별자치도 제주시 건입동 1189-2 건입동주민센터,제주특별자치도 제주시,,33.51505009,126.531505,2017-07-17
제주특별자치도,건입동,산지경로당,2017-05-20,2017-09-30,194.84,48,2,1,N,Y,,,제주특별자치도 제주시 산지로 21-1 (건입동),제주특별자치도 제주시 건입동1143,제주특별자치도 제주시,,33.51501383,126.5295506,2017-07-17
제주특별자치도,건입동,사라봉경로당,2017-05-20,2017-09-30,95.95,23,6,1,N,Y,,,제주특별자치도 제주시 사라봉13길 20 (건입동),제주특별자치도 제주시 건입동676-1,제주특별자치도 제주시,,33.51576567,126.5405769,2017-07-17
제주특별자치도,건입동,건입동경로당,2017-05-20,2017-09-30,257.95,64,2,3,N,Y,,,제주특별자치도 제주시 연무정동길 22-1 (건입동),제주특별자치도 제주시 건입동1077-68,제주특별자치도 제주시,,33.51546008,126.5350332,2017-07-17
제주특별자치도,용담2동,현대APT경로당,2017-05-20,2017-09-30,100,25,1,2,N,Y,,,제주특별자치도 제주시 서해안로 660 (용담삼동),제주특별자치도 제주시 용담3동 505,제주특별자치도 제주시,,33.5162196,126.5075994,2017-07-17
제주특별자치도,용담2동,용마경로당,2017-05-20,2017-09-30,146,44,7,1,N,Y,,,제주특별자치도 제주시 용해로 13 (용담삼동),제주특별자치도 제주시 용담3동1034-35,제주특별자치도 제주시,,33.51604499,126.5027095,2017-07-17
제주특별자치도,용담2동,명신경로당,2017-05-20,2017-09-30,70,21,7,1,N,Y,,,제주특별자치도 제주시 명신1길 19 (용담이동),제주특별자치도 제주시 용담2동707-6,제주특별자치도 제주시,,33.50003272,126.5009071,2017-07-17
제주특별자치도,용담2동,성화경로당,2017-05-20,2017-09-30,395,119,6,1,N,Y,,,제주특별자치도 제주시 성화로7길 3 (용담이동),제주특별자치도 제주시 용담2동924-3,제주특별자치도 제주시,,33.51236516,126.503273,2017-07-17
제주특별자치도,용담2동,용문경로당,2017-05-20,2017-09-30,120,36,8,1,N,Y,,,제주특별자치도 제주시 용문로 124 (용담이동),제주특별자치도 제주시 용담2동2708-14,제주특별자치도 제주시,,33.50580156,126.5086916,2017-07-17
제주특별자치도,용담2동,용화경로당,2017-05-20,2017-09-30,223,70,8,1,N,Y,,,제주특별자치도 제주시 용화로4길 10 (용담이동),제주특별자치도 제주시 용담2동798-1,제주특별자치도 제주시,,33.50903111,126.5046309,2017-07-17
제주특별자치도,용담2동,월성경로당,2017-05-20,2017-09-30,232,70,7,1,N,Y,,,제주특별자치도 제주시 월성로 30 (용담이동),제주특별자치도 제주시 용담2동2746-1,제주특별자치도 제주시,,33.50153852,126.5049878,2017-07-17
제주특별자치도,용담2동,흥운경로당,2017-05-20,2017-09-30,231.2,70,8,1,N,Y,,,제주특별자치도 제주시 용담로 98-10 (용담이동),제주특별자치도 제주시 용담2동358-2,제주특별자치도 제주시,,33.5113512,126.5122034,2017-07-17
제주특별자치도,용담2동,용마마을회관,2017-05-20,2017-09-30,169,51,4,1,N,Y,,,제주특별자치도 제주시 용해로 13 (용담삼동),제주특별자치도 제주시 용담2동 1034-35,제주특별자치도 제주시,,33.51604499,126.5027095,2017-07-17
제주특별자치도,용담2동,명신마을회관,2017-05-20,2017-09-30,70,21,7,1,N,Y,,,제주특별자치도 제주시 명신1길 19 (용담이동),제주특별자치도 제주시 용담2동 707-6,제주특별자치도 제주시,,33.50003272,126.5009071,2017-07-17
제주특별자치도,용담2동,월성마을회관,2017-05-20,2017-09-30,232,50,4,1,N,Y,,,제주특별자치도 제주시 월성로 30 (용담이동),제주특별자치도 제주시 용담2동 2746-1,제주특별자치도 제주시,,33.50153852,126.5049878,2017-07-17
제주특별자치도,용담2동,용담2동주민센터2층,2017-05-20,2017-09-30,183.3,55,2,1,N,Y,,,제주특별자치도 제주시 흥운길 27. 용담2동주민센터(동사무소) (용담이동),제주특별자치도 제주시 용담2동 358-32 용담2동주민센터(동사무소),제주특별자치도 제주시,,33.51151504,126.5116815,2017-07-17
제주특별자치도,용담1동,남사경로당,2017-05-20,2017-09-30,168.66,50,4,2,N,N,,,제주특별자치도 제주시 서광로3길 45 (용담일동),제주특별자치도 제주시 용담1동2814-8,제주특별자치도 제주시,,33.5041757,126.5134146,2017-07-17
제주특별자치도,용담1동,용담1동 주민센터,2017-05-20,2017-09-30,50,30,2,3,N,N,,,제주특별자치도 제주시 용남3길 11,제주특별자치도 제주시 용담1동 244-6,제주특별자치도 제주시,,33.50911227,126.5132793,2017-07-17
제주특별자치도,용담1동,용담1동 경로당,2017-05-20,2017-09-30,559.4,100,4,6,N,N,,,제주특별자치도 제주시 서문로 37-10 (용담일동),제주특별자치도 제주시 용담1동311,제주특별자치도 제주시,,33.51161009,126.5147635,2017-07-17
제주특별자치도,삼도2동,무근성경로당,2017-05-20,2017-09-30,175,80,2,2,N,Y,,,제주특별자치도 제주시 무근성1길 9 (삼도이동),제주특별자치도 제주시 삼도2동1158-4,제주특별자치도 제주시,,33.51485362,126.5188226,2017-07-17
제주특별자치도,삼도2동,남성경로당,2017-05-20,2017-09-30,233,150,5,3,N,Y,,,제주특별자치도 제주시 남성로26길 30 ?(삼도이동),제주특별자치도 제주시 삼도2동235-25,제주특별자치도 제주시,,33.50691023,126.5238603,2017-07-17
제주특별자치도,삼도2동,삼도2동주민센터,2017-05-20,2017-09-30,293,50,7,2,N,N,,,제주특별자치도 제주시 관덕로6길 15. 삼도2동주민센터(동사무소) (삼도이동),제주특별자치도 제주시 삼도2동 108-15 삼도2동주민센터(동사무소),제주특별자치도 제주시,,33.51174003,126.5222151,2017-07-17
제주특별자치도,삼도1동,세진 아파트경로당,2017-05-20,2017-09-30,39,20,2,1,N,Y,,,제주특별자치도 제주시 평전2길 5 (삼도일동),제주특별자치도 제주시 삼도일동 520 세진아파트,제주특별자치도 제주시,,33.50069726,126.5184661,2017-07-17
제주특별자치도,삼도1동,중앙경로당,2017-05-20,2017-09-30,50,50,2,1,N,Y,,,제주특별자치도 제주시 평전6길 20 (삼도일동),제주특별자치도 제주시 삼도1동 508-14,제주특별자치도 제주시,,33.50404665,126.5173025,2017-07-17
제주특별자치도,삼도1동,서광경로당,2017-05-20,2017-09-30,66,80,7,1,N,Y,,,제주특별자치도 제주시 서사로23길 3 (삼도일동),제주특별자치도 제주시 삼도1동 571-4,제주특별자치도 제주시,,33.49839242,126.5202308,2017-07-17
제주특별자치도,삼도1동,용천경로당,2017-05-20,2017-09-30,49,60,6,1,N,Y,,,제주특별자치도 제주시 서사로15길 11-8 (삼도일동),제주특별자치도 제주시 삼도1동 543-7,제주특별자치도 제주시,,33.50312957,126.5216769,2017-07-17
제주특별자치도,삼도1동,삼도1동 주민센터,2017-05-20,2017-09-30,110,27,8,3,N,Y,,,제주특별자치도 제주시 서사로14길 16. 삼도1동주민센터(동사무소) (삼도일동),제주특별자치도 제주시 삼도1동 528-17 삼도1동주민센터(동사무소),제주특별자치도 제주시,,33.503686,126.5182257,2017-07-17
제주특별자치도,삼도1동,삼도1동복지회관,2017-05-20,2017-09-30,66,100,8,1,N,Y,,,제주특별자치도 제주시 전농로1길 50. 삼도1동노인회관 (삼도일동),제주특별자치도 제주시 삼도1동 708-1 삼도1동노인회관,제주특별자치도 제주시,,33.50800264,126.5172547,2017-07-17
제주특별자치도,이도2동,제주종합사회복지관,2017-05-20,2017-09-30,1598.52,30,1,1,N,N,,,제주특별자치도 제주시 제주시 도남로 121(이도이동),제주특별자치도 제주시 제주시 도남동 68-7,제주특별자치도 제주시,,33.48994455,126.5291783,2017-07-17
제주특별자치도,이도2동,남광경로당,2017-05-20,2017-09-30,195.8,50,4,5,N,Y,,,제주특별자치도 제주시 남광로2길 7-10 (이도이동),제주특별자치도 제주시 이도2동 1992-1,제주특별자치도 제주시,,33.49223032,126.5385879,2017-07-17
제주특별자치도,애월읍,고내리경로당,2017-05-20,2017-09-30,134,142,3,1,N,Y,,,제주특별자치도 제주시 애월읍 고내3길 15,제주특별자치도 제주시 애월읍 고내리856-1,제주특별자치도 제주시,,33.46396081,126.3354909,2017-07-17
제주특별자치도,애월읍,납읍리경로당,2017-05-20,2017-09-30,410,241,3,1,N,Y,,,제주특별자치도 제주시 애월읍 납읍로2길 3,제주특별자치도 제주시 애월읍납읍리1606-1,제주특별자치도 제주시,,33.43877069,126.3308395,2017-07-17
제주특별자치도,애월읍,어음2리경로당,2017-05-20,2017-09-30,103,60,2,1,N,Y,,,제주특별자치도 제주시 애월읍 어음10길 33,제주특별자치도 제주시 애월읍 어음리2960-5,제주특별자치도 제주시,,33.40112746,126.3368897,2017-07-17
제주특별자치도,애월읍,어음1리경로당,2017-05-20,2017-09-30,42,85,3,1,Y,Y,,,제주특별자치도 제주시 애월읍 어림비로 184,제주특별자치도 제주시 애월읍 어음리3648-1,제주특별자치도 제주시,,33.41698622,126.3304604,2017-07-17
제주특별자치도,애월읍,봉성리경로당,2017-05-20,2017-09-30,235,228,0,1,Y,Y,,,제주특별자치도 제주시 애월읍 봉성로 75,제주특별자치도 제주시 애월읍봉성리3820-6,제주특별자치도 제주시,,33.41950732,126.3120519,2017-07-17
제주특별자치도,애월읍,금성리경로당,2017-05-20,2017-09-30,182,100,2,1,Y,Y,,,제주특별자치도 제주시 애월읍 일주서로 5936,제주특별자치도 제주시 애월읍 금성리601-2,제주특별자치도 제주시,,33.44389271,126.3003092,2017-07-17
제주특별자치도,한림읍,귀덕3리경로당,2017-05-20,2017-09-30,179,45,3,1,N,Y,,,제주특별자치도 제주시 한림읍 한수풀로 337,제주특별자치도 제주시 한림읍 귀덕리 2074,제주특별자치도 제주시,,33.41923858,126.2962882,2017-07-17
제주특별자치도,애월읍,곽지리경로당,2017-05-20,2017-09-30,202,210,1,1,N,Y,,,제주특별자치도 제주시 애월읍 천덕로 38-9,제주특별자치도 제주시 애월읍 곽지리1995-1,제주특별자치도 제주시,,33.44509304,126.3085634,2017-07-17
제주특별자치도,애월읍,애월리경로당,2017-05-20,2017-09-30,278,197,2,1,Y,Y,,,제주특별자치도 제주시 애월읍 애월남길 5,제주특별자치도 제주시 애월읍 애월리 1486-1,제주특별자치도 제주시,,33.46136769,126.3181926,2017-07-17
제주특별자치도,한림읍,반석블루빌경로당,2017-05-20,2017-09-30,39.6,30,0,1,N,Y,,,제주특별자치도 제주시 한림읍 한수풀로 130,제주특별자치도 제주시 한림읍 대림리 417-1,제주특별자치도 제주시,,33.42085529,126.2757956,2017-07-17
제주특별자치도,한림읍,한림주공경로당,2017-05-20,2017-09-30,85,21,4,1,N,Y,,,제주특별자치도 제주시 한림읍 대림4길 20,제주특별자치도 제주시 한림읍대림리1885,제주특별자치도 제주시,,33.41893274,126.2659161,2017-07-17
제주특별자치도,한림읍,비양리경로당,2017-05-20,2017-09-30,50,13,1,1,N,Y,,,제주특별자치도 제주시 한림읍 비양도길 6,제주특별자치도 제주시 한림읍 협재리 3032,제주특별자치도 제주시,,33.40619824,126.2301364,2017-07-17
제주특별자치도,한림읍,월령리경로당,2017-05-20,2017-09-30,164,41,0,1,N,Y,,,제주특별자치도 제주시 한림읍 월령1길 11,제주특별자치도 제주시 한림읍월령리424-1,제주특별자치도 제주시,,33.37592502,126.2154965,2017-07-17
제주특별자치도,한림읍,금능리경로당,2017-05-20,2017-09-30,223,56,1,1,N,Y,,,제주특별자치도 제주시 한림읍 금능길 39,제주특별자치도 제주시 한림읍금능리1369,제주특별자치도 제주시,,33.38799201,126.2270125,2017-07-17
제주특별자치도,한림읍,협재리경로당,2017-05-20,2017-09-30,292,73,0,1,N,Y,,,제주특별자치도 제주시 한림읍 한림로 403-1,제주특별자치도 제주시 한림읍 협재리 1475-1,제주특별자치도 제주시,,33.3983173,126.245224,2017-07-17
제주특별자치도,한림읍,옹포리경로당,2017-05-20,2017-09-30,121,30,3,1,N,Y,,,제주특별자치도 제주시 한림읍 한림로 509-3,제주특별자치도 제주시 한림읍 옹포리 460,제주특별자치도 제주시,,33.40500196,126.2533187,2017-07-17
제주특별자치도,한림읍,월림리경로당,2017-05-20,2017-09-30,164,41,2,2,N,Y,,,제주특별자치도 제주시 한림읍 중산간서로 3876,제주특별자치도 제주시 한림읍 월림리 2351-1,제주특별자치도 제주시,,33.34977322,126.2567856,2017-07-17
제주특별자치도,한림읍,상명리경로당,2017-05-20,2017-09-30,218,55,0,1,N,Y,,,제주특별자치도 제주시 한림읍 상명1길 16-1,제주특별자치도 제주시 한림읍 상명리 1061,제주특별자치도 제주시,,33.35988778,126.2711611,2017-07-17
제주특별자치도,한림읍,금악리경로당,2017-05-20,2017-09-30,133,33,0,2,N,Y,,,제주특별자치도 제주시 한림읍 금악로 2,제주특별자치도 제주시 한림읍 금악리 1899-2,제주특별자치도 제주시,,33.35746735,126.2960681,2017-07-17
제주특별자치도,한림읍,명월리경로당,2017-05-20,2017-09-30,136,34,1,1,N,Y,,,제주특별자치도 제주시 한림읍 명월로 71,제주특별자치도 제주시 한림읍 명월리 1767-1,제주특별자치도 제주시,,33.38699915,126.2666446,2017-07-17
제주특별자치도,한림읍,동명리경로당,2017-05-20,2017-09-30,89,22,1,1,N,Y,,,제주특별자치도 제주시 한림읍 한림중앙로 62,제주특별자치도 제주시 한림읍 동명리 1591-6,제주특별자치도 제주시,,33.40914955,126.265448,2017-07-17
제주특별자치도,한림읍,상대리경로당,2017-05-20,2017-09-30,105,26,0,3,N,Y,,,제주특별자치도 제주시 한림읍 중산간서로 4960,제주특별자치도 제주시 한림읍 상대리 2720-3,제주특별자치도 제주시,,33.40781848,126.293968,2017-07-17
제주특별자치도,한림읍,강구리경로당,2017-05-20,2017-09-30,142,36,0,3,N,Y,,,제주특별자치도 제주시 한림읍 강구로 92,제주특별자치도 제주시 한림읍 한림리 191-7,제주특별자치도 제주시,,33.40856582,126.2772005,2017-07-17
제주특별자치도,한림읍,한림3리경로당,2017-05-20,2017-09-30,101,34,2,1,N,Y,,,제주특별자치도 제주시 한림읍 장원길 87,제주특별자치도 제주시 한림읍 한림리 89-1,제주특별자치도 제주시,,33.41282283,126.2843036,2017-07-17
제주특별자치도,한림읍,한림2리경로당,2017-05-20,2017-09-30,101,34,5,1,N,Y,,,제주특별자치도 제주시 한림읍 명랑로4길 2,제주특별자치도 제주시 한림읍 한림리 1043-1,제주특별자치도 제주시,,33.41442293,126.2668184,2017-07-17
제주특별자치도,한림읍,한림1리경로당,2017-05-20,2017-09-30,125,31,9,2,N,Y,,,제주특별자치도 제주시 한림읍 한림해안로 156,제주특별자치도 제주시 한림읍 한림리 1328-38,제주특별자치도 제주시,,33.41587522,126.2629875,2017-07-17
제주특별자치도,한림읍,대림리경로당,2017-05-20,2017-09-30,110,28,1,1,N,Y,,,제주특별자치도 제주시 한림읍 한수풀로 180,제주특별자치도 제주시 한림읍 대림리 765-2,제주특별자치도 제주시,,33.42233664,126.281228,2017-07-17
제주특별자치도,한림읍,한수리경로당,2017-05-20,2017-09-30,211,53,0,2,N,Y,,,제주특별자치도 제주시 한림읍 한림로 741,제주특별자치도 제주시 한림읍 한수리 885-1,제주특별자치도 제주시,,33.42112219,126.2635495,2017-07-17
제주특별자치도,한림읍,수원리경로당,2017-05-20,2017-09-30,175,44,0,1,N,Y,,,제주특별자치도 제주시 한림읍 수원9길 2,제주특별자치도 제주시 한림읍 수원리 277-16,제주특별자치도 제주시,,33.42747125,126.2705839,2017-07-17
제주특별자치도,한림읍,귀덕2리경로당,2017-05-20,2017-09-30,203,51,3,2,N,Y,,,제주특별자치도 제주시 한림읍 귀덕3길 40,제주특별자치도 제주시 한림읍 귀덕리 4062,제주특별자치도 제주시,,33.44137401,126.279273,2017-07-17
제주특별자치도,한림읍,귀덕1리경로당,2017-05-20,2017-09-30,142,36,0,1,N,Y,,,제주특별자치도 제주시 한림읍 귀덕14길 60,제주특별자치도 제주시 한림읍 귀덕리 1361-2,제주특별자치도 제주시,,33.43877458,126.2957219,2017-07-17
